:020000040800F2
:10000000000B012015030008195100081B510008BE
:100010001F5100082351000827510008000000006C
:100020000000000000000000000000002B5100084C
:100030002D510008000000002F5100083151000828
:100040002F0300082F0300082F0300082F030008C8
:100050002F0300082F0300082F0300082F030008B8
:100060002F0300082F0300082F0300082F030008A8
:100070002F0300082F0300082F0300082F03000898
:100080002F0300082F0300082F0300082F03000888
:100090002F0300082F0300082F0300082F03000878
:1000A0002F0300082F0300082F0300082F03000868
:1000B000EF3800082F0300082F030008054500084B
:1000C0000F4500084D450008574500081D780008F9
:1000D0002F030008D54F00082F0300082F03000846
:1000E0002F0300082F0300082F0300082F03000828
:1000F0002F0300082F0300082F0300082F03000818
:100100002F0300082F0300082F0300082F03000807
:100110002F0300082F0300082F0300082F030008F7
:100120002F0300082F0300082F0300082F030008E7
:100130002F0300082F0300082F0300082F030008D7
:100140002F0300082F0300082F0300082F030008C7
:100150002F0300082F0300082F0300082F030008B7
:100160002F0300082F0300082F0300082F030008A7
:100170002F0300082F0300082F0300082F03000897
:100180002F0300082F03000800F002F800F0B2F877
:100190000AA090E8000C82448344AAF10107DA45E2
:1001A00001D100F0A7F8AFF2090EBAE80F0013F082
:1001B000010F18BFFB1A43F001031847C4F00000F9
:1001C000E4F000000A444FF0000C10F8013B13F07B
:1001D000070408BF10F8014B1D1108BF10F8015BA0
:1001E000641E05D010F8016B641E01F8016BF9D193
:1001F00013F0080F1EBF10F8014BAD1C0C1B09D1EA
:100200006D1E58BF01F801CBFAD505E014F8016B5B
:1002100001F8016B6D1EF9D59142D6D370470000ED
:100220000023002400250026103A28BF78C1FBD8FF
:10023000520728BF30C148BF0B6070476E290DF0D0
:10024000C38170290CF03B8766290EF08C866529E6
:100250000EF0898667290EF0868661290EF0858664
:1002600003681B0A28BF41F0800169290CF0AC86A5
:1002700064290CF0A98675290CF0A6866F290DF06B
:10028000C28278290CF00787E9290DF05D82E42904
:100290000DF05A82F5290DF05782EF290DF0BF823B
:1002A000F8290CF006870368DB0928BF41F08001BC
:1002B00063290DF0CC8173290DF0D181E3290DF074
:1002C000C786F3290DF0CC86002070471FB50EF0CD
:1002D00040FE0DF01BFF0400002000210EF034FC56
:1002E000401C6060002000210EF018FCE0601FBD83
:1002F00010B510BD0DF0DCFE1146FFF7E7FF04F06E
:100300008EFE0DF0B9FF03B4FFF7F2FF03BC04F05B
:100310006FFD00000948804709480047FEE7FEE7F7
:10032000FEE7FEE7FEE7FEE7FEE7FEE7FEE7FEE7A5
:1003300004480549054A064B704700001152000861
:100340008901000800EC0020000B012000FB0020C8
:1003500000FB002032490143324A1160704770B5FA
:10036000002100230F22C4781CB32E4C246804F40F
:10037000E064C4F5E064C4F30721C1F10404E3B20E
:100380000A4144789C40E1B28478144021430C0730
:10039000210E254C05786155047804F01F050124D1
:1003A000AC4005786D11AD0005F1E025C5F80041C0
:1003B00009E0047804F01F050124AC401B4D0678C9
:1003C000761145F8264070BD194A0A400243154B84
:1003D0001B1F1A60704739B1124A121D126802437E
:1003E000104B1B1D1A6006E00E4A121D1268824354
:1003F0000C4B1B1D1A607047042808D14FF0E021F8
:10040000096941F004014FF0E022116107E04FF06B
:10041000E021096921F004014FF0E02211617047E9
:100420000000FA050CED00E000E400E080E100E0EF
:1004300080FFFF1F10B50121080201F04CF80021D8
:100440004FF4807001F047F810BD30B5024600202F
:1004500000235068F84C20400D790C6844EA0524CC
:10046000204350609068F54C2040D1E903542C4360
:100470008D682C434D7944EA450420439060D06A4E
:1004800020F470000C7D641EE4B2234340EA035064
:10049000D06230BD00210160017141718160C16095
:1004A00001610121017570470021E54A1168E54AA3
:1004B0001140D0E900231A4383681A43C3681A43E2
:1004C0001143E14AC2F80413704700210160416002
:1004D0008160C160704721B1826842F00102826090
:1004E00003E0826822F00102826070470A46002120
:1004F0004168D64B194011434160704741628262A6
:1005000070470A460021416821F01F0111434160F4
:10051000704738B1CA49096841F40001CA4AC2F8B3
:10052000041306E0C649096821F40001C64AC2F86E
:100530000413704738B1C249096841F48001C24AC6
:10054000C2F8041306E0BE49096821F48001BE4ADE
:10055000C2F804137047F0B504460D460020002190
:10056000092D11DDE068A5F10A0606EB460707260E
:1005700006FA07F18843A5F10A0606EB460603FAD8
:1005800006F10843E0600CE0206905EB450707260B
:1005900006FA07F1884305EB450603FA06F108431E
:1005A0002061072A0FDA606B561E06EB86071F26AE
:1005B00006FA07F18843561E06EB860605FA06F191
:1005C0000843606322E00D2A0FDA206BD61F06EB8A
:1005D00086071F2606FA07F18843D61F06EB860614
:1005E00005FA06F10843206310E0E06AA2F10D0667
:1005F00006EB86071F2606FA07F18843A2F10D06CF
:1006000006EB860605FA06F10843E062F0BD816854
:1006100041F0804181607047014600208A6802F005
:1006200080420AB1012000E00020704721B18268B9
:1006300042F48062826003E0826822F48062826019
:10064000704721B1826842F00202826003E0826852
:1006500022F002028260704710B50A460021002392
:10066000416821F46041531E41EA4331416010BDAD
:1006700021B1426842F40062426003E0426822F421
:100680000062426070470146C86C80B270476C4897
:10069000001D0068704721B1826842F48072826058
:1006A00003E0826822F480728260704721B1826820
:1006B00042F40072826003E0826822F40072826079
:1006C000704738B15E49096841F400515E4AC2F88A
:1006D000041306E05A49096821F400515A4AC2F845
:1006E00004137047F0B5044615460020002200268A
:1006F000092911DDE068A1F10A0707EB470C07277C
:1007000007FA0CF29043A1F10A0707EB470703FA37
:1007100007F21043E0600CE0206901EB410C072771
:1007200007FA0CF2904301EB410703FA07F210437A
:100730002061A06BC0F30156EF1C06F1010CA7EB82
:100740000C0707EB870C1F2707FA0CF29043EF1CEE
:1007500006F1010CA7EB0C0707EB870701FA07F27C
:100760001043A063F0BD10B50A4600210023816B41
:1007700021F44011531E41EA0351816310BD08B5B5
:10078000002300930090009B0B440093009B1A6091
:1007900008BD0A460021816821F47021114381605F
:1007A00070470A460021816821F44011114381609D
:1007B0007047816841F480018160704701460020E4
:1007C0008A6802F480020AB1012000E0002070472C
:1007D00021B1426842F48062426003E0426822F440
:1007E00080624260704721B1426842F480524260A8
:1007F00003E0426822F480524260704708B5024626
:1008000000200090009201F12800009B1844009005
:100810000098006880B208BD10B50B460021D9B21F
:10082000012404FA01F11AB144680C43446002E067
:1008300044688C43446010BDFFFEFFFCFDF7FFC021
:1008400004230140E030FCFF00200140FFFD3FFF9A
:100850000246002013680B400BB1012000E000208D
:100860007047CA430260704770B5024600200023FB
:1008700000240B12556801268E4005EA060415680F
:100880001D4015B10CB1012000E0002070BD002218
:100890000A12D3430360704710B504469848844257
:1008A00008D10121084600F0D2FD0021012000F00E
:1008B000CEFD76E09348844208D10121022000F069
:1008C000C6FD0021022000F0C2FD6AE08E4884428D
:1008D00008D10121042000F0BAFD0021042000F01D
:1008E000B6FD5EE08948844208D10121082000F06D
:1008F000AEFD0021082000F0AAFD52E084488442A9
:1009000008D10121102000F0A2FD0021102000F0EC
:100910009EFD46E07F48844208D10121202000F05E
:1009200096FD0021202000F092FD3AE07A488442B2
:1009300008D10121402000F08AFD0021402000F074
:1009400086FD2EE07548844208D10121802000F008
:100950007EFD0021802000F07AFD22E07048844274
:1009600008D10121801500F072FD0021A01500F0D2
:100970006EFD16E06B48844208D10121401500F05D
:1009800066FD0021601500F062FD0AE066488442C1
:1009900007D10121001500F05AFD0021201500F0BB
:1009A00056FD10BDF0B50A4600210023002400BF0B
:1009B0003DE0012505FA01F3156805EA03049C42B0
:1009C00034D105684F000326BE40B5430560157954
:1009D0004E00B5400668354305601579012D02D0FB
:1009E0001579022D16D185684F000326BE40B54308
:1009F000856055794E00B540866835438560456809
:100A000001268E40B5434560456896798E40B6B262
:100A100035434560C5684F000326BE40B543C560F9
:100A2000D5794E00B540C6683543C560491C1029CC
:100A3000BFD3F0BD4FF6FF7101600021017141711C
:100A40008171C171704708B54FF480320092009AED
:100A50000A430092009AC261C161009AC261C269F0
:100A60000092C269009208BD0246002013690B4043
:100A70000BB1012000E0002070470146086980B2F8
:100A800070470246002053690B400BB1012000E083
:100A9000002070470146486980B270470183704763
:100AA000418370470AB1018300E04183704741618F
:100AB000704742694A4042617047F0B50023002404
:100AC0004D07ED0E02FA05F3CE1000F1200555F8A2
:100AD00026504E07F70E0F26BE40B543CF1000F14B
:100AE000200646F82750CE1000F1200555F8265074
:100AF00045EA0304CE1000F1200545F82640F0BD7C
:100B0000000002400004024000080240000C0240C5
:100B1000001002400014024000180240001C024075
:100B200000200240002402400028024010B5044684
:100B3000F848844209D10121480500F0BBFC00219E
:100B40004FF4001000F0B6FC18E0F348844209D1DD
:100B50000121880500F0AEFC00214FF4800000F078
:100B6000A9FC0BE0ED48844208D10121C80500F042
:100B7000A1FC00214FF4000000F09CFC10BD2DE909
:100B8000FF4704460D460026B1460427DFF8908350
:100B9000A6884FF6C0700640684600F01CFBDDF8E2
:100BA0000880E048B8FBF0F01FFA80F946EA090631
:100BB000A68020884FF6FE71084020800026DA4982
:100BC000286888420CD828684000B8FBF0F087B24B
:100BD000042F00DA04273E4309F10100208427E0B6
:100BE000E8884BF6FF71884206D1286800EB400088
:100BF000B8FBF0F087B209E0286800EBC00101EB18
:100C00000010B8FBF0F087B247F48047C7F30B0041
:100C100008B947F0010747F4004006434FF49670C7
:100C200009FB00F04FF47A7190FBF1F0401C208436
:100C3000A683208840F00100208026884FF6F530FA
:100C40000640A8886989084306432680A88929891F
:100C500008432081BDE8FF8741F28831016000210F
:100C600081804BF6FF71C1800021018141814FF4E9
:100C700080418181704721B1028842F001020280E7
:100C800004E002884FF6FE731A400280704729B1D3
:100C9000828C4FF6EF731A40828403E0828C42F01C
:100CA0001002828470470A460021818C4FF6F0734F
:100CB000194002F00F0319438184704721B1028863
:100CC00042F48072028004E002884FF6FF631A400B
:100CD0000280704721B1028842F40072028004E071
:100CE00002884FF6FF531A400280704712B141F05C
:100CF000010101E001F0FE010182704721B102888B
:100D000042F48062028004E002884FF6FF331A400A
:100D1000028070470A46002181894FF6017319400D
:100D200002F0FE0319438181704721B1828942F0AC
:100D30000102828104E082894FF6FE731A408281AB
:100D4000704721B1028842F04002028004E002882C
:100D50004FF6BF731A400280704721B1028842F4F7
:100D60000042028003E00288C2F30E020280704754
:100D700021B9028842F08002028004E002884FF626
:100D80007F731A4002807047B1F5804F05D0828B87
:100D90004BF6FF731A40828303E0828B42F4804259
:100DA00082837047B1F5006F04D1028842F400627B
:100DB000028004E002884FF2FF731A4002807047FD
:100DC000B1F5005F04D1028842F40052028004E0D1
:100DD00002884DF6FF731A400280704721B10288E5
:100DE00042F01002028004E002884FF6EF731A40CE
:100DF00002807047018270470146088AC0B270477E
:100E000021B1028842F48052028004E002884EF64A
:100E1000FF731A4002807047B1F5006F04D1028859
:100E200042F40062028004E002884FF2FF731A402D
:100E30000280704721B1028842F02002028004E063
:100E400002884FF6DF731A40028070470146088B14
:100E50000012704721B1828842F40062828004E06F
:100E600082884FF2FF731A408280704721B18288D6
:100E700042F48052828004E082884EF6FF731A406A
:100E80008280704708B502460020009000920098CA
:100E9000084400900098008808BD1AB183880B436D
:100EA000838002E083888B438380704770B502465D
:100EB0000024002500230020958A138B1B0445EA9B
:100EC000030626F07F4404EA01068E4201D1012088
:100ED00000E0002070BD10B5014600200023002274
:100EE0008B8A0A8B120443EA020424F07F4010BD6F
:100EF0000CB50246002000230193009300920B0FD3
:100F0000019321F07F41019B83B1009B1433009337
:100F100010E000000054004000580040005C004019
:100F200000127A0040420F00A0860100090C009BCD
:100F300018330093009B1B680B400BB1012000E0AD
:100F400000200CBD002221F07F42D34383827047F2
:100F500030B5024600200023948801F0E06504EAE1
:100F6000154321F07F41948A0C4014B10BB101204C
:100F700000E0002030BD002221F07F42D343838275
:100F8000704700000E49086070470D49486070477F
:100F90000B49886070474AF6AA20094908607047E3
:100FA0004CF6CC4006490860704701460020044AD0
:100FB000D2680A400AB1012000E00020704700001A
:100FC00000300040F948006840F00100F74908602F
:100FD0000020F64908310860F4480068F4490840E8
:100FE000F2490860F348091D0860F348EF4984316D
:100FF0000860F0481038091D0860EC48006820F4CB
:101000008020EA4908600020E8490C310860E7497F
:101010008C31086070470021E44A921C117011461F
:101020000870704710B501460022002300204A11C5
:10103000012A02D1DD4C236808E0022A03D1DB4CEF
:101040007034236802E0D94C7434236801F01F0225
:10105000012494401C400CB1012000E0002010BD90
:1010600038B5002000900024002500BF3120FFF794
:10107000D9FF05460098401C00900098B0F5A04F9D
:1010800001D0002DF2D03120FFF7CCFF08B10124B0
:1010900000E00024204638BD01460020C34A106805
:1010A00020F0F80040EAC10010607047C3490860B2
:1010B00070470021BD4A703211701170012802D0B2
:1010C00004280AD104E00121B84A7032117005E009
:1010D0000521B64A7032117000E000BF00BF7047B2
:1010E000B7490860704770B5049C41EA8215012633
:1010F000C6EB530645EA0645054345EA0465AB4E93
:10110000361D356070BDAD4908667047820142EA00
:101110000172A64B84331A607047A84988667047ED
:1011200010B5830143EA016343EA02739F4C88349C
:10113000236010BDA14908677047A049C864704783
:1011400002460020994B0833186820F0EC6042EA10
:1011500001031843954B083318607047024600207E
:10116000924B0833186820F0784042EA0103184394
:101170008E4B083318607047014600208B4A0832B6
:10118000106820F00300084310607047874808305B
:10119000006800F00C00704701460020834A0832C6
:1011A000106820F0F00008431060704701460020EE
:1011B0007E4A0832106820F4E050084310607047FF
:1011C00001460020794A0832106820F4604040EA65
:1011D000C10010607047F0B50021002200240225F4
:1011E00000260223714F08373F6807F00C0121B138
:1011F000042905D0082937D105E0724F076036E091
:10120000714F076033E0694F3F1D3F68C7F3805659
:10121000664F3F1D3F6807F03F036EB16A4FB7FB53
:10122000F3F7DFF888C10CF1040CDCF800C0CCF354
:10123000881C07FB0CF40CE0624FB7FBF3F7DFF8F8
:101240006CC10CF1040CDCF800C0CCF3881C07FB6B
:101250000CF4564F3F1D3F68C7F301477F1C7D00CC
:10126000B4FBF5F7076002E0564F076000BF00BF10
:101270004E4F08373F6807F0F0010909534F7A5C79
:101280000768D7404760494F08373F6807F4E05187
:10129000890A4E4F7A5C4768D7408760434F0837CA
:1012A0003F6807F46041490B484F7A5C4768D74074
:1012B000C760F0BD002100F44072B2F5407F0AD152
:1012C0003A4A0832116821F4F811414A02401143A8
:1012D000364A08321160354A70321268C0F30B0387
:1012E0001A43324B70331A607047354944390860ED
:1012F0007047334940390860704736490860704785
:1013000001460020294A8C32106820F01F004A1E36
:101310001043264A8C321060704701460020234A51
:101320008C32106820F4F8504A1E40EA02201F4A0E
:101330008C3210607047014600201C4A8C321068C5
:1013400020F4401008431060704701460020174AFF
:101350008C32106820F4400008431060704701464A
:101360000020124A8C32106820F44030084310608C
:10137000704719490860704739B10C4A3032126819
:1013800002430A4B30331A6006E0084A30321268D2
:101390008243064B30331A607047F9B1034A343246
:1013A00012680243014B34331A601CE000380240DB
:1013B000FFFFF6EA10300024003000200000474212
:1013C000800E47420024F40000127A000000002042
:1013D000FFFCFF0F5C014742E01147428F4A126851
:1013E00082438E4B1A60704739B18C4A121D1268C5
:1013F00002438A4B1B1D1A6006E0884A121D1268C0
:101400008243864B1B1D1A60704739B1834A0C32E8
:1014100012680243814B0C331A6006E07F4A0C329B
:10142000126882437D4B0C331A60704739B17B4A96
:10143000103212680243794B10331A6006E0774A83
:10144000103212688243754B10331A60704739B1FD
:10145000724A243A12680243704B243B1A6006E039
:101460006E4A243A126882436C4B243B1A607047E0
:1014700039B16A4A203A12680243684B203B1A602D
:1014800006E0664A203A12688243644B203B1A60A9
:10149000704739B1614A1C3A126802435F4B1C3BEA
:1014A0001A6006E05D4A1C3A126882435B4B1C3BA3
:1014B0001A60704739B1594A143A12680243574BBF
:1014C000143B1A6006E0554A143A12688243534BA3
:1014D000143B1A60704739B1504A103A12680243FF
:1014E0004E4B103B1A6006E04C4A103A1268824399
:1014F0004A4B103B1A60704739B1484A1C32126897
:101500000243464B1C331A6006E0444A1C32126800
:101510008243424B1C331A60704739B13F4A203234
:10152000126802433D4B20331A6006E03B4A2032EA
:1015300012688243394B20331A60704739B1374AF9
:10154000243212680243354B24331A6006E0334AD2
:10155000243212688243314B24331A60704739B108
:101560002E4A2C32126802432C4B2C331A6006E0B0
:101570002A4A2C3212688243284B2C331A60704757
:1015800039B1264A303212680243244B30331A6094
:1015900006E0224A303212688243204B30331A6010
:1015A0007047012808D11D493C31096841F0080104
:1015B0001A4A3C32116007E018493C31096821F0B1
:1015C0000801164A3C321160704739B1134A273A74
:1015D00012780243114B273B1A7006E00F4A273A54
:1015E000127882430D4B273B1A7070470B484030EE
:1015F000006840F08070094940310860704701463A
:101600000020064A283A12680A400AB1012000E088
:10161000002070470149263908707047343802406D
:1016200010B50446FB48844208D101218014FFF71D
:1016300052FF0021A014FFF74EFF3CE0F648844221
:1016400008D101210014FFF735FF00212014FFF716
:1016500031FF30E0F148844208D10121C013FFF787
:1016600029FF0021E013FFF725FF24E0EC48844226
:1016700008D101214014FFF72EFF00216014FFF76D
:101680002AFF18E0E748844209D101210805FFF745
:1016900022FF00214FF48010FFF71DFF0BE0E2480E
:1016A000844208D101214805FFF715FF00214FF4BE
:1016B0000010FFF710FF10BD10B50022028802F4E1
:1016C00041520B884C8823438C882343CC88234386
:1016D0000C8923434C8923438C892343CC8923439E
:1016E0001A430280838B4FF2FF74234083830B8A5B
:1016F000038210BD2DE9F04F0025022300244FF096
:10170000010900220026002794469046B0F81CA04C
:101710004FF2400B0AEA0B0AA0F81CA04FF0020A95
:10172000A0F820A0858BD1F808A0BAF1020F01D152
:1017300000BF82E0B1F804A0BAF1000F02D14FF06F
:10174000010901E04FF00209DFF8E0A2DAF800A099
:101750000AF4000ABAF1000F09D0DFF8D0A2DAF8D3
:1017600000A02AF4000ADFF8C4B2CBF800A0DFF82A
:10177000BCA20AF17C0ADAF800A0CAF3881CDFF8E0
:10178000ACA20AF17C0ADAF800A0CAF30278DFF80A
:101790009CA2AAF1040ADAF800A00AF03F07DFF8D9
:1017A0008CA2AAF1040ADAF800A00AF4800ABAF5B9
:1017B000800F08D1DFF878A2BAFBF7FA0AFB0CFA1F
:1017C000BAFBF8F607E0DFF86CA2BAFBF7FA0AFBFF
:1017D0000CFABAFBF8F6B1F806A0BAF5007F0ED104
:1017E0004FEA162A0AEB8A0A4FEA4A0AD1F808B0E9
:1017F000BAFBFBFA0AF1050A1FFA8AF20FE04FEA78
:10180000491AB6FBFAFA0AEB8A0A4FEA4A0AD1F8F1
:1018100008B0BAFBFBFA0AF1050A1FFA8AF24FF088
:101820000A0AB2FBFAF202F00104A2EB040ACAF3BC
:101830004F034FF6FF7A0AEA0424022B01DBFF2B49
:1018400001DD02230024B1F806A04AEA040A4AEAAC
:10185000030AA0F820A0B1F804A0B1F80CB04AEA3D
:101860000B0AB1F802B04AEA0B0AB1F800B04AEA32
:101870000B0A4AF4006A4AEA05058583BDE8F08F41
:101880000021018041808180C1800181418181816D
:10189000C181072101827047002101804180818040
:1018A000C1800221816000218181704721B10288BD
:1018B00042F04002028004E002884FF6BF731A40F3
:1018C0000280704721B1828B42F48062828304E0FF
:1018D000828B4FF6FF331A408283704702884FF2A3
:1018E000FF731A40028002880A4302807047B1F5F4
:1018F000804F04D1028842F48042028004E00288D2
:101900004BF6FF731A40028070474FF6FF62914218
:1019100004D0028842F48072028004E002884FF60C
:10192000FF631A400280704721B1828842F00402AE
:10193000828004E082884FF6FB731A4082807047F1
:1019400021B1828842F01002828004E082884FF642
:10195000EF731A408280704730B500220023848BD9
:101960004FF240052C40848302240484828B0C882F
:10197000B4F5007F01D00C8814B94FF4807308E0EF
:101980000C88B4F5407F03D00C88B4F5807F00D17B
:1019900000238C888D892C434D882C431C4344F4B0
:1019A00000642243828330BD01468889704781816B
:1019B000704721B1028842F40052028004E002889C
:1019C0004DF6FF731A4002807047018841F4805140
:1019D0000180704702460020012901D0108B00E0F1
:1019E000908A70470146088A70471AB183880B4372
:1019F000838002E083888B438380704730B5002466
:101A000000230C110125A540ABB2AAB185881D4366
:101A1000858014E00030014000380040003C004068
:101A20000034014000500140005401400838024099
:101A300000127A000024F40085889D43858030BD23
:101A40000246002013890B400BB1012000E000206A
:101A50007047CA4302817047F0B502460020002457
:101A60000023002501F00F070126BE40B4B20B1180
:101A700001269E40B3B2968806EA030516892640E1
:101A800016B10DB1012000E00020F0BD10B500221C
:101A900001F00F040123A3409AB2D343038110BD88
:101AA00010B50446FE48844208D101210846FFF7DC
:101AB00012FD00210120FFF70EFD9DE0B4F1804FE3
:101AC00008D101210846FFF7F5FC00210120FFF7AE
:101AD000F1FC91E0F348844208D101210220FFF794
:101AE000E9FC00210220FFF7E5FC85E0EE48844296
:101AF00008D101210420FFF7DDFC00210420FFF7BD
:101B0000D9FC79E0E948844208D101210820FFF797
:101B1000D1FC00210820FFF7CDFC6DE0E4488442B1
:101B200008D101211020FFF7C5FC00211020FFF78C
:101B3000C1FC61E0DF48844208D101212020FFF789
:101B4000B9FC00212020FFF7B5FC55E0DA488442BB
:101B500008D101210220FFF7BEFC00210220FFF77F
:101B6000BAFC49E0D548844209D101210804FFF7B5
:101B7000B2FC00214FF48030FFF7ADFC3CE0D048D0
:101B8000844209D101214804FFF7A5FC00214FF44C
:101B90000030FFF7A0FC2FE0CA48844209D10121A0
:101BA0008804FFF798FC00214FF48020FFF793FC96
:101BB00022E0C548844208D101214020FFF77AFC89
:101BC00000214020FFF776FC16E0C048844208D18F
:101BD00001218020FFF76EFC00218020FFF76AFCC6
:101BE0000AE0BB48844207D101218015FFF762FC5F
:101BF0000021A015FFF75EFC10BD00220288A84B53
:101C000098420ED0AC4B98420BD0B0F1804F08D028
:101C1000A44B984205D0A44B984202D0A34B9842C3
:101C200004D14FF68F731A404B881A43A04B984249
:101C300007D0A04B984204D04FF6FF431A400B89BF
:101C40001A4302804B68C3620B880385944B984209
:101C500002D0994B984201D18B7A0386012383826B
:101C600070474FF0FF3141600021018001814180C8
:101C7000817270470185828270470A46002101887F
:101C80004FF68F73194011430180704741627047CE
:101C9000C16270470146486A70470146088D704727
:101CA00021B1028842F00202028004E002884FF66D
:101CB000FD731A400280704721B1028842F004028D
:101CC000028004E002884FF6FB731A4002807047DE
:101CD00021B1028842F08002028004E002884FF6BF
:101CE0007F731A400280704702884FF6F7731A40DC
:101CF000028002880A430280704702884FF6FF4341
:101D00001A40028002880A430280704721B102888B
:101D100042F00102028004E002884FF6FE731A408E
:101D20000280704770B5002400220023058C4FF616
:101D3000FE7635400584028C8388048B4FF68F75C0
:101D40002C40B51E2C400D882C43751E2A408D89D1
:101D50002A434D882A43524DA84202D0564DA842EC
:101D600013D14FF6F7752A40CD892A434FF6FB75FC
:101D70002A408D882A434FF6FF652B404FF6FF55CA
:101D80002B400D8A2B434D8A2B43838004838D681F
:101D90004563028470BD70B5002400220023058CC9
:101DA0004FF6EF7635400584028C8388048B48F625
:101DB000FF752C404FF6FF452C400D884FF6FF76FF
:101DC00006EA05252C434FF6DF752A408D8906EA81
:101DD00005152A434D8806EA05152A43304DA842C9
:101DE00002D0354DA8421DD14FF67F752A40CD89CE
:101DF0004FF6FF7606EA05152A434FF6BF752A40CF
:101E00008D8806EA05152A434FF6FF352B404FF221
:101E1000FF752B400D8A06EA85052B434D8A06EA9D
:101E200085052B43838004838D688563028470BDA0
:101E300070B5002400220023058C4FF6FF66354064
:101E40000584028C8388848B4FF68F752C404FF667
:101E5000FC752C400D882C434FF6FF552A408D8988
:101E60004FF6FF7606EA05252A434D8806EA052542
:101E70002A430B4DA84202D00F4DA84238D14FF251
:101E8000FF752A40CD894FF6FF7606EA05252A43DD
:101E90004FF6FF352A408D8806EA05252A4319E0CA
:101EA000000001400004004000080040000C004019
:101EB00000100040001400400004014000400140B8
:101EC000004401400048014000180040001C004050
:101ED000002000404EF6FF752B404DF6FF752B405D
:101EE0000D8A06EA05152B434D8A06EA05152B4394
:101EF000838084838D68C563028470BD70B50022C1
:101F000000230024058C4EF6FF7635400584038CB3
:101F10008488828B48F6FF752A404FF6FF452A4099
:101F20000D884FF6FF7606EA05252A434DF6FF7524
:101F30002B408D8906EA05352B434D8806EA053589
:101F40002B43FE4DA84202D0FD4DA84208D14BF6CE
:101F5000FF752C400D8A4FF6FF7606EA85152C4357
:101F6000848082838D680564038470BD00210180B4
:101F70004180818081608181C1810182418270477D
:101F800070B50346002000241846183001258D4006
:101F9000ACB21D8CA5431D8409B108290AD100EB00
:101FA000610005684FF68F7635400560056815437A
:101FB00005600FE00D1FC5F34E052844056848F67F
:101FC000FF763540056005684FF6FF7606EA022683
:101FD0003543056070BD4163704781637047C163DD
:101FE0007047016470470A460021018B4FF68F73DA
:101FF00019401143018370470A460021018B48F6BE
:10200000FF7319404FF6FF7303EA0223194301835C
:1020100070470A460021818B4FF68F731940114398
:10202000818370470A460021818B48F6FF7319406F
:102030004FF6FF7303EA02231943818370470A4670
:102040000021018B4FF6F77319401143018370474C
:102050000A460021018B4FF2FF7319404FF6FF73C0
:1020600003EA02231943018370470A460021818B4A
:102070004FF6F77319401143818370470A460021D8
:10208000818B4FF2FF7319404FF6FF7303EA02236F
:102090001943818370470A460021018B4FF6FB7379
:1020A00019401143018370470A460021018B4FF606
:1020B000FF3319404FF6FF7303EA022319430183EC
:1020C00070470A460021818B4FF6FB73194011437C
:1020D000818370470A460021818B4FF6FF331940F8
:1020E0004FF6FF7303EA02231943818370470A46C0
:1020F0000021018B4FF67F73194011430183704714
:102100000A460021018BC1F30E014FF6FF7303EA6B
:1021100002231943018370470A460021818B4FF641
:102120007F7319401143818370470A460021818BD8
:10213000C1F30E014FF6FF7303EA022319438183B3
:1021400070470A460021018C4FF6FD731940114378
:10215000018470470A460021018C4FF6F77319403D
:102160001143018470470A460021018C4FF6DF734A
:1021700019404FF6FF7303EA0213194301847047B5
:102180000A460021018C4FF67F7319404FF6FF730A
:1021900003EA02131943018470470A460021018CA7
:1021A0004FF6FF5319404FF6FF7303EA022319431A
:1021B000018470470A460021018C4FF2FF731940D9
:1021C0004FF6FF7303EA02231943018470470A465E
:1021D0000021018C4DF6FF7319404FF6FF7303EA9F
:1021E000023319430184704730B5002301248C4029
:1021F000A3B2048C9C430484048C02FA01F5ADB2B2
:102200002C43048430BD30B5002304248C40A3B299
:10221000048C9C430484048C02FA01F5ADB22C4377
:10222000048430BD828B4FF2FF331A408283828B4D
:102230004FF6FF7303EA01231A4382837047F0B518
:102240000C461546002100220026078C4EF6FF7C26
:1022500007EA0C070784818B028C4FF6FF7707EAA9
:10226000043640F6FF4739404FF6FF7707EA052767
:1022700039434FF6FF7707EA0337394345F6FF77CF
:102280003A4046F480573A4381830284F0BD828B02
:102290004FF6F3731A408283828B0A43828370471E
:1022A000F0B50C461546002100220026078C4FF69B
:1022B000FF6C07EA0C070784818B028C4FF6FF77CF
:1022C00007EA04264FF60C7739404FF6FF7707EA06
:1022D00003172F4339434FF2FF573A4046F48077B4
:1022E0003A4381830284F0BD028B4FF2FF331A40E0
:1022F0000283028B4FF6FF7303EA01231A43028322
:102300007047F0B50C461546002100220026078CC8
:102310004FF6EF7C07EA0C070784018B028C4FF61F
:10232000FF7707EA041640F6FF4739404FF6FF777C
:1023300007EA033739434FF6FF7703E00000014017
:102340000004014007EA052739434FF65F773A401A
:1023500046F010073A4301830284F0BD028B4FF62A
:10236000F3731A400283028B0A4302837047F0B56D
:102370000C46154600210022068C4FF6FE773E40A3
:102380000684018B028C4FF60C7631407E1C06EAE7
:1023900003162E4331434FF6F576324044F00106E2
:1023A000324301830284F0BD70B505460C46208897
:1023B00050B92389A28861882846FFF7D8FFE188B1
:1023C0002846FFF7CBFF25E0208804280AD123897F
:1023D000A28861882846FFF794FFE1882846FFF726
:1023E00083FF17E0208808280AD12389A288618802
:1023F0002846FFF755FFE1882846FFF748FF09E028
:102400002389A28861882846FFF719FFE1882846BA
:10241000FFF708FF70BD002101804180012181800C
:102420000021C180018170472DE9F04105460C462D
:1024300000260127608808B9022600E00026A0884F
:10244000012801D1022700E001272088A0B92389B3
:10245000A28861882846FFF78AFFE1882846FFF7AF
:102460007DFF23893A4631462846FFF74AFFE18837
:102470002846FFF739FF13E02389A28861882846A0
:10248000FFF73FFFE1882846FFF72EFF23893A46F2
:1024900031462846FFF76BFFE1882846FFF75EFFCD
:1024A000BDE8F0810146486B70470146886B704774
:1024B0000146C86B70470146086C70470A884B8814
:1024C0001A438B881A43CB881A430B891A434B89CA
:1024D0001A438B891A43A0F84420704700210180D9
:1024E00041808180C180018141818181704731B10A
:1024F000B0F8442042F40042A0F8442005E0B0F8CF
:102500004420C2F30E02A0F84420704721B1828813
:1025100042F00402828004E082884FF6FB731A4086
:102520008280704721B1828842F00102828004E0FB
:1025300082884FF6FE731A40828070471AB18389F1
:102540000B43838102E083898B43838170478182BF
:10255000704702460020138A0B400BB1012000E0B7
:1025600000207047CA430282704730B502460020FF
:1025700000230024158A05EA0103958905EA010470
:1025800013B10CB1012000E0002030BDCA4302822B
:10259000704741EA0203A0F8483070471AB18389B6
:1025A0000B43838102E083898B438381704721B190
:1025B000828842F00802828004E082884FF6F77336
:1025C0001A408280704701894FF6F87211400181EC
:1025D00070470A46002101894FF68F731940114355
:1025E0000181704730B504460D4629462046FFF765
:1025F000F0FF208940F00700208130BD2DE9F04137
:1026000004460D4616461F46602D06D13B46012264
:1026100031462046FFF775FE05E03B460122314674
:102620002046FFF7A4FE29462046FFF7D2FF208967
:1026300040F007002081BDE8F08130B50C46002154
:102640000189C9B24FF6FF7505EA032515432543F5
:102650002943018130BD2DE9F04105460E4617465C
:102660009846002443463A4631462846FFF7E5FFA0
:102670002C894FF6F870044044F007044FF68F7031
:10268000044044F070042C81BDE8F081F0B50446AC
:102690000D4616461F463B46324629462046FFF762
:1026A000CCFF208940F480402081F0BD82884FF625
:1026B0008F731A40828082880A4382807047028921
:1026C0004FF6F8731A40028102890A43028170476B
:1026D00002894FF67F731A40028102890A43028100
:1026E0007047F0B50C4615461E4600210022002317
:1026F0000189028B038C4FF6F877394021434FF65E
:10270000FC473A4040F201173A434FF6DD773B4031
:102710004FF6FF7707EA06172F433B4301810283F9
:102720000384F0BD21B1828842F08002828004E0FF
:1027300082884FF67F731A4082807047A0F850104D
:102740007047000010B50446FA48844208D10121C0
:102750001020FEF7C0FE00211020FEF7BCFE57E05F
:10276000F548844209D101214804FEF7A3FE002167
:102770004FF40030FEF79EFE4AE0F048844209D153
:1027800001218804FEF796FE00214FF48020FEF719
:1027900091FE3DE0EA48844209D10121C804FEF7D8
:1027A00089FE00214FF40020FEF784FE30E0E5486A
:1027B000844209D101210805FEF77CFE00214FF477
:1027C0008010FEF777FE23E0DF48844208D1012124
:1027D0002020FEF780FE00212020FEF77CFE17E07F
:1027E000DA48844209D101218807FEF763FE0021FF
:1027F0004FF08040FEF75EFE0AE0D548844207D1E4
:1028000001214005FEF756FE00216005FEF752FE4D
:1028100010BD2DE9FF4705460E460024A14600BF26
:10282000A046B08900B100BF2C8A24F44054F0883F
:1028300004432C82AC8941F20C608443B088318916
:102840000843718908430443AC81AC8A24F4407482
:10285000B0890443AC826846FEF7BDFCB5488542AA
:1028600002D0B948854202D1DDF80C9001E0DDF8D4
:102870000890A88900F4004040B109EBC90000EBC2
:10288000091031684900B0FBF1F707E009EBC90016
:1028900000EB091031688900B0FBF1F76420B7FB49
:1028A000F0F004012009642101FB1078A88900F4EC
:1028B000004040B1322000EBC800B0FBF1F000F066
:1028C0000700044308E0322000EB08106421B0FB4D
:1028D000F1F000F00F0004432C81BDE8FF874FF4B6
:1028E0001651016000218180C18001810C2141814C
:1028F00000218181704710B502460020108A20F423
:1029000070600B884C8823438C882343CC882343F6
:102910001843108210BD0021018041808180C18058
:10292000704721B1828942F40052828104E0828999
:102930004DF6FF731A4082817047028B02F47F428A
:102940000283028B0A430283704721B1828942F4D9
:102950000042828103E08289C2F30E0282817047C5
:1029600021B1828A42F40062828204E0828A4FF2BC
:10297000FF731A4082827047C1F308028280704759
:1029800001468888C0F308007047028A4FF6F0734A
:102990001A400282028A0A430282704721B1828968
:1029A00042F00202828104E082894FF6FD731A40F0
:1029B0008281704782894FF2FF731A408281828937
:1029C0000A4382817047028A4FF6DF731A400282FF
:1029D000028A0A430282704721B1028A42F480428D
:1029E000028204E0028A4BF6FF731A4002827047AB
:1029F000818941F001018181704721B1828A42F0D1
:102A00000802828204E0828A4FF6F7731A408282BB
:102A10007047028BD2B20283028B42EA0122028308
:102A2000704721B1828A42F02002828204E0828AC9
:102A30004FF6DF731A408282704721B1828A42F0DA
:102A40001002828204E0828A4FF6EF731A4082827B
:102A50007047828A4FF6FB731A408282828A0A4349
:102A60008282704721B1828A42F00202828204E0AF
:102A7000828A4FF6FD731A40828270471AB1838AA8
:102A80000B43838202E0838A8B4383827047F0B5D5
:102A90000346002400260025002040F66A17B942AC
:102AA00000D100BF1846C1F3421401F01F060127F0
:102AB00007FA06F5012C01D10C3004E0022C01D1FB
:102AC000103000E014301AB107682F43076002E0AD
:102AD0000768AF430760F0BD02460020B1F5007FF4
:102AE00000D100BF13880B400BB1012000E0002093
:102AF000704701F40072B2F5007F00D100BFCA43F5
:102B00000280704770B50246002400230025002093
:102B100040F66A16B14200D100BFC1F3421501F080
:102B20001F03012606FA03F3012D13D196893340C2
:102B300017E0000000100140004400400048004041
:102B4000004C00400050004000140140007800405C
:102B5000007C0040022D02D1168A334001E0968AA3
:102B600033400C12012606FA04F41688344013B1DF
:102B70000CB1012000E0002070BD10B50022002340
:102B800040F66A14A14200D100BF0A120124944009
:102B9000A3B2DC43048010BD016821F00101016093
:102BA0000021016041608160C160016121214161BA
:102BB000DB49884204D13D21D94A103A91608CE02A
:102BC000D7491831884205D14FF47461D44A103A7C
:102BD000916082E0D2493031884205D14FF47411BE
:102BE000CF4A103A916078E0CD494831884205D10A
:102BF0004FF07461CA4A103A91606EE0C849603182
:102C0000884204D1C749C64A103AD16065E0C44938
:102C10007831884204D1C449C14A103AD1605CE09D
:102C2000BF499031884204D1C049BD4A103AD160B1
:102C300053E0BB49A831884205D14FF03D51B84A15
:102C4000103AD16049E0BA49884204D13D21B84ADE
:102C5000083A116041E0B6491831884205D14FF475
:102C60007461B34A083A116037E0B14930318842A3
:102C700005D14FF47411AE4A083A11602DE0AC4909
:102C80004831884205D14FF07461A94A083A116071
:102C900023E0A7496031884204D1A249A44A121F07
:102CA00011601AE0A2497831884204D19E49A04AB5
:102CB000121F116011E09E499031884204D19B4956
:102CC0009B4A121F116008E09949A831884204D13B
:102CD0004FF03D51964A121F1160704710B5002207
:102CE0000268944B1A40CC680B6823434C69234319
:102CF0008C692343CC6923430C6A23434C6A2343E6
:102D00008C6A23434C6B23438C6B23431A4302602E
:102D1000426922F00702D1E90B3423431A4342618E
:102D20000B6943604B6883608B68C36010BD0021F2
:102D3000016041608160C160016141618161C16187
:102D4000016241628162C1620163416381637047D4
:102D500021B1026842F00102026003E0026822F041
:102D600001020260704721B1026842F40042026031
:102D700003E0026822F400420260704721B1026859
:102D800042F02002026003E0026822F020020260AA
:102D90007047416070470146486880B2704722B171
:102DA000036843F40023036003E0036823F4002373
:102DB00003600161704721B1026842F48022026021
:102DC00003E0026822F48022026070470AB10161C8
:102DD00000E0C1607047014600200A6802F400224A
:102DE0000AB1012000E000207047014600200A6877
:102DF00002F001020AB1012000E000207047014604
:102E000000204A6902F03800704730B503460A4690
:102E100000200024464DAB4202D24149103901E066
:102E20004349103902F000550DB14C6800E00C68C0
:102E3000414D2C4004EA02050DB1012000E00020C4
:102E400030BD02463A4B9A4202D23548103801E072
:102E50003748103801F000531BB1374B0B40C360AB
:102E600002E0354B0B408360704710B501F08003E2
:102E70004BB122B1436943F08003436103E04369EE
:102E800023F08003436180290BD02AB1036801F04D
:102E90001E042343036004E0036801F01E04A343FF
:102EA000036010BD70B50246002000240025204EAE
:102EB000B24202D21A4B103B01E01D4B103B1F4E99
:102EC0000E4036B11E2606EAD124166806EA04052D
:102ED00002E0566906F0800501F000560EB15C680C
:102EE00000E01C68144E344004EA010616B10DB12E
:102EF000012000E0002070BD02460D4B9A4202D234
:102F00000748103801E00A48103801F000531BB19F
:102F1000094B0B40C36002E0074B0B4083607047D6
:102F2000106002403D000020400F002000003D20C6
:102F3000106402403F801CF07D0F7D0F3C0F3C0F62
:102F400010B50A2001F0ECFE10BD10B5044600BF1C
:102F5000618901226068FDF7A5FD00BF00BF2189DE
:102F600001222068FDF79EFD00BFFFF7E9FF00BFCB
:102F7000618900226068FDF795FD00BFFFF7E0FF63
:102F800000BF218900222068FDF78CFD00BFFFF7FC
:102F9000D7FF10BD10B5044600BF618900226068EC
:102FA000FDF780FD00BFFFF7CBFF00BF21890122A5
:102FB0002068FDF777FD00BFFFF7C2FF00BF618902
:102FC00001226068FDF76EFD00BFFFF7B9FF10BD7D
:102FD00070B504460025002600BF618901226068A3
:102FE000FDF760FD00BFFFF7ABFF00BF21890122A5
:102FF0002068FDF757FD00BFFFF7A2FF08E0681C3F
:10300000C5B2FA2D04DD2046FFF7C4FF012605E016
:1030100061896068FDF728FD0028F0D100BF00BF7E
:10302000218900222068FDF73DFD00BFFFF788FFE2
:10303000304670BD10B5044600BF6189002260684B
:10304000FDF730FD00BFFFF77BFF00BF21890122A4
:103050002068FDF727FD00BFFFF772FF00BF218941
:1030600000222068FDF71EFD00BFFFF769FF00BFCB
:10307000618901226068FDF715FD00BFFFF760FF61
:1030800010BD10B5044600BF618901226068FDF7DC
:1030900009FD00BFFFF754FF00BF2189012220680E
:1030A000FDF700FD00BFFFF74BFF00BF21890022A5
:1030B0002068FDF7F7FC00BFFFF742FF10BD70B5B9
:1030C00004460D46002624E000BFE80928B16189C6
:1030D00001226068FDF7E6FC04E061890022606877
:1030E000FDF7E0FC00BFFFF72BFF00BF21890122A5
:1030F0002068FDF7D7FC00BFFFF722FF00BF218942
:1031000000222068FDF7CEFC00BF6806050E701C8B
:10311000C6B2082ED8DB00BF618901226068FDF7C6
:10312000C1FC00BF70BD2DE9F04104460E460025EC
:1031300000271CE06806050E00BF218901222068D7
:10314000FDF7B0FC00BFFFF7FBFE61896068FDF78B
:103150008BFC08B1681CC5B200BF21890022206821
:10316000FDF7A0FC00BFFFF7EBFE781CC7B2082FED
:10317000E0DB1EB92046FFF784FF02E02046FFF7A0
:1031800059FF2846BDE8F08100B59BB00121F94800
:10319000FEF7F2F801210802FEF748F9002002903C
:1031A000F5480390F54804900020059046200690CD
:1031B000002007904FF48060089040000990800044
:1031C0000A9040110B9040020C9000200D900120BD
:1031D0000E9000200F90109002A9E948FFF77EFDA5
:1031E0000121E748FFF7B4FD6F20009003208DF820
:1031F000040000208DF807006946E248FDF7D2FB85
:10320000042000906946E048FDF7CCFB00201190B7
:1032100012901390149011A8FDF746F915A8FDF728
:1032200039F90020159001208DF858008DF85900CB
:1032300000201790199007208DF8680015A9CE4836
:103240004C38FDF702F9002301221946CA484C38D0
:10325000FDF781F9002302220121C7484C38FDF710
:103260007AF9002303220221C3484C38FDF773F991
:10327000002304220321C0484C38FDF76CF90023D9
:1032800005221146BC484C38FDF765F9002306229B
:103290001146B9484C38FDF75EF9002307220C218E
:1032A000B5484C38FDF757F90121B3484C38FDF7C4
:1032B000FDF90121B0484C38FDF7EDF90121AE4888
:1032C0004C38FDF708F9AC484C38FDF7A0F91BB0B5
:1032D00000BD10B50446062301222146A6484C38FD
:1032E000FDF739F9A4484C38FDF791F900BF0221E8
:1032F000A1484C38FDF7ACFA0028F8D09E484C386D
:10330000FDF7C1F910BD10B502460023002109E008
:10331000C1EBC100994C04EB400030F812000344AB
:10332000481CC1B20A29F3DB0A20B3FBF0F080B2DB
:1033300010BD70B52DED048B0446002507E0A8B242
:10334000FFF7E1FF914901EBC50148806D1C072D96
:10335000F5DB8E48408800EE100AB8EE400ADFED3B
:103360008C0A20EE200ADFED8B0A80EE201A8748B7
:1033700080ED011A408900EE100AB8EE400ADFED38
:10338000840A20EE200ADFED830A80EE201A7F48AF
:1033900080ED031A408A00EE100AB8EE400ADFED15
:1033A0007C0A20EE200ADFED7B0A80EE201A7748A7
:1033B00080ED051A408B00EE100AB8EE400ADFEDF2
:1033C000740A20EE200A9FED731AC0EE010AB0EED7
:1033D000000A20EE800A6D4880ED070A408C00EE5E
:1033E000100AB8EE400ADFED6A0A20EE200ADFED8F
:1033F000690A80EE201AB0EE000A21EE000A634846
:1034000080ED090A408D00EE100AB8EE400ADFEDAB
:10341000600A20EE200ADFED5F0A80EE201A11EE2E
:10342000105A28460BF024FD41EC190B9FED5A0B66
:1034300053EC102B0BF01EFC41EC180B0BF0A6FB11
:103440005249C8620846408E00EE100AB8EE400AA3
:10345000DFED4F0A20EE200ADFED4E0A80EE201A43
:10346000084680ED0D1A90ED010ADFED4D0A20EEC1
:10347000200ABCEEC00A10EE100AA080084690EDAB
:10348000030ADFED470A20EE200ABCEEC00A10EE68
:10349000100AE080084690ED050ADFED410A20EEB3
:1034A000200ABCEEC00A10EE100A2081084690EDFA
:1034B000070ADFED3B0A20EE200ABCEEC00A10EE40
:1034C000100A6081084690ED090ADFED350A20EE0A
:1034D000200ABCEEC00A10EE100AA081084690ED4A
:1034E0000B0ADFED2F0A20EE200ABCEEC00A10EE18
:1034F000100AE081084690ED0D0AF0EE000A20EE79
:10350000200ADFED270A20EE200ABCEEC00A10EEEA
:10351000100A208200BF23A1002009F0ADFC00BFEB
:1035200000BFA3881948428829A1002009F0A4FC03
:1035300000BF00BFE388154842892EA1002009F092
:103540009BFC00BF00BF23891048428A32A10020A3
:1035500009F092FC00BF00BF63890C48428B37A181
:10356000002009F089FC00BF00BFA3890748428CF6
:1035700076E00000050040004C200140481E00207D
:1035800010640240000002400008024010000020C9
:1035900033335340000080452FDD24068195F73FEB
:1035A0000000C8423D3D3D3D3D3D3D3D3D3D3D3D35
:1035B0003D3D3D3D3D3D3D3D3D3D3D3D3D3D3D3D3B
:1035C0003D3D3D3D3D3D3D3D3D3D0D0A0000000082
:1035D0005644445120202072617776616C5B25301F
:1035E00034785D20766F6C746167655B25645D0D72
:1035F0000A0000005644445F434F524520726177F1
:1036000076616C5B253034785D20766F6C74616711
:10361000655B25645D0D0A00766363317638207240
:10362000617776616C5B253034785D20766F6C74E1
:103630006167655B25645D0D0A0000007663633297
:1036400076352072617776616C5B253034785D2049
:10365000766F6C746167655B25645D0D0A00000020
:103660000CA1002009F008FC00BF00BFE38912484C
:10367000428D12A1002009F0FFFB00BF00BF238A8A
:103680000D48428E16A1002009F0F6FB00BFBDECEC
:10369000048B70BD76636333763320726177766115
:1036A0006C5B253034785D20766F6C746167655B88
:1036B00025645D0D0A00000010000020766363356C
:1036C00076302072617776616C5B253034785D20CE
:1036D000766F6C746167655B25645D0D0A000000A0
:1036E0007670783132762072617776616C5B253046
:1036F00034785D2063757272656E745B25645D2A33
:1037000031306D410D0A00001CB501210420FDF788
:1037100033FE4FF48070009001208DF804000020EB
:103720008DF8060003208DF8050001208DF80700B4
:1037300069465548FDF736F94FF480715248FDF758
:10374000ADF91CBD1CB501210220FDF715FE43F2A9
:103750000330009000208DF8040003208DF8050050
:1037600001208DF8070069464848FDF71BF91CBD8C
:103770001CB501210420FDF7FFFDC02000900120B1
:103780008DF8040000208DF8060003208DF8050058
:1037900001208DF8070069463B48FDF703F9032037
:1037A000009000208DF8040003208DF80500012012
:1037B0008DF8070069463548FDF7F4F84021324896
:1037C000FDF76CF980213048FDF768F91CBD1CB588
:1037D00001210220FDF7D0FD4FF440400090002071
:1037E0008DF8040003208DF8050001208DF80700F6
:1037F00069462648FDF7D6F81CBD1CB501210620F8
:10380000FDF7BAFD8020009001208DF80400002013
:103810008DF8060003208DF8050001208DF80700C3
:1038200069461B48FDF7BEF880211948FDF738F9B5
:103830001CBD1CB501210420FDF79EFD2020009039
:1038400001208DF8040000208DF8060003208DF87B
:10385000050001208DF8070069460B48FDF7A2F826
:103860001020009000208DF8040003208DF8050042
:1038700001208DF8070069460348FDF793F82021E1
:103880000148FDF70DF91CBD00080240000402408C
:10389000000002407FB504460D4601210846FDF7B1
:1038A000B4FDADF8045002940020ADF80600ADF868
:1038B0000C0001A94FF08040FEF79FF9012211464C
:1038C0009007FEF73BFE01218807FEF71FFA1C2038
:1038D0008DF8000001208DF8010007208DF802000E
:1038E00001208DF803006846FCF739FD7FBD10B557
:1038F00001218807FEF739FE012808D10E48026829
:103900004068521C40F100000B490A6048600121E8
:103910008807FEF73BFE10BD0749086849687047F5
:1039200010B502460B460448016840688C1A60EBEB
:103930000301204610BD00004800002010B50446D9
:103940002CB101224021F748FDF7ACF804E0002239
:103950004021F448FDF7A6F8002010BD10B504463C
:103960002CB101228021EF48FDF79CF804E00022F1
:103970008021EC48FDF796F8002010BD10B50446F4
:103980000121E848FDF770F808B1012010BD0020C2
:10399000FCE710B504460221E248FDF765F808B1DE
:1039A000012010BD0020FCE700B587B001214805CB
:1039B000FDF72BFD01210220FDF7DEFC012188032C
:1039C000FDF734FD01214805FDF774FD00214FF49A
:1039D0000010FDF76FFD0121D348FDF7BEF900216E
:1039E000D148FDF7BAF904220621D048FDF765F861
:1039F00004220721CD48FDF760F840200590022001
:103A00008DF8180003208DF8190001208DF81A0098
:103A100000208DF81B0005A9C448FCF7C3FF8020D7
:103A2000059005A9C148FCF7BDFF0020ADF80400D2
:103A30004BF6FF70ADF80600BD4890F81E0440003C
:103A4000ADF808004FF48060ADF80A000001ADF851
:103A50000C00B84800906946B348FDF790F8012182
:103A6000B148FDF74BF90121AF48FDF704F91F20DC
:103A70008DF8100000208DF8110001208DF8120043
:103A80008DF8130004A8FCF76AFC20208DF81000C4
:103A900007208DF8120004A8FCF761FC01225102F6
:103AA000A148FDF7FAF9012291029F48FDF7F5F9C7
:103AB000012211029C48FDF7F0F9012001F078F98C
:103AC00007B000BD00B587B001218805FDF79DFC5A
:103AD00001210220FDF750FC01218803FDF7A6FC1F
:103AE00001218805FDF7E6FC00214FF48000FDF779
:103AF000E1FC04220A218D48FCF7DFFF04220B21A0
:103B00008A48FCF7DAFF4FF48060059002208DF8B8
:103B100018008DF8190001208DF81A008DF81B008F
:103B200005A98248FCF73EFF4FF40060059005A907
:103B30007E48FCF737FF01217B48FDF70EF9002195
:103B40007948FDF70AF90020ADF804004BF6FF7044
:103B5000ADF80600784890F81E044000ADF8080063
:103B60004FF48060ADF80A000001ADF80C00714818
:103B7000009069467148FDF702F801216F48FDF792
:103B8000BDF801216D48FDF776F821208DF8100071
:103B900000208DF8110002208DF8120001208DF810
:103BA000130004A8FCF7DBFB22208DF8100007208F
:103BB0008DF8120004A8FCF7D2FB012251025F48E5
:103BC000FDF76BF9012291025C48FDF766F90122CD
:103BD00011025A48FDF761F9012001F0E9F807B038
:103BE00000BD00B587B00121C805FDF70EFC01211D
:103BF0000520FDF7C1FB01218803FDF717FC01211A
:103C0000C805FDF757FC00214FF40000FDF752FCFA
:103C100001214B48FDF7A1F800214948FDF79DF827
:103C2000042208214748FCF748FF042209213D48A7
:103C3000FCF743FF4FF48070059002208DF81800C8
:103C400003208DF8190001208DF81A0000208DF84E
:103C50001B0005A93B48FCF7A5FE4FF4007005903A
:103C600005A93048FCF79EFE0020ADF808004BF691
:103C7000FF70ADF80A000020ADF80C004FF4806032
:103C8000ADF80E000001ADF810002A48019001A91E
:103C90002B48FCF774FF01212948FDF72FF807B0E6
:103CA00000BD10B50121284800F051FD0121274831
:103CB00000F04DFDFFF706FF642001F079F8FFF7F3
:103CC00073FE642001F074F8FFF78BFF4FF400726D
:103CD00017491431A1F1100006F04EFD4FF40072A7
:103CE00015491431A1F1100006F046FD00211848D5
:103CF00000F037FD28B100BF16A1002009F0BCF884
:103D000000BF0021194800F02CFD28B100BF18A108
:103D1000002009F0B1F800BF10BD10B5044600BF87
:103D2000224631E0000802400054004000040240F6
:103D300090000020A0860100B00400200058004040
:103D4000005C00400000024058000020600000209D
:103D50006800002049324331206275666665722032
:103D60007265616479204F4B200D0A0070000020BD
:103D700049324332206275666665722072656164FD
:103D800079204F4B200D0A00FEA1002009F074F8A5
:103D900000BF002010BD2DE9F04704460F4616462F
:103DA00098460025A94600224FF400712068FDF7CF
:103DB00074F800224FF480612068FDF76EF800224D
:103DC0004FF480712068FDF768F84FF4204506E055
:103DD000281EA5F1010502D14FF0040962E04FF45D
:103DE00000312068FDF784F80028F1D10121206816
:103DF000FCF764FF4FF4805506E0281EA5F101058D
:103E000002D14FF005094DE0E9492068FDF74EF871
:103E10000028F2D07A06110E00222068FCF766FF17
:103E20004FF4805506E0281EA5F1010502D14FF0A0
:103E3000060937E0DF492068FDF738F80028F2D09E
:103E400015E031782068FCF7D5FF761C4FF48055DB
:103E500006E0281EA5F1010502D14FF0080921E076
:103E6000D449891C2068FDF721F80028F1D0B8F169
:103E70000000A8F101011FFA81F8E2D101212068B8
:103E8000FCF728FF012251022068FDF706F8012205
:103E900091022068FDF701F8012211022068FCF769
:103EA000FCFF00BFB9F1000F03D009F0FF00FFF7DE
:103EB00034FFC1492068884201D1FFF775FDBF4931
:103EC0002068884201D1FFF7FDFD0020BDE8F087A2
:103ED0002DE9F05F04460E4615461F46DDF828B072
:103EE0004FF00009CA46B4492068884201D1DFF882
:103EF000D0A2B2492068884201D1DFF8C8A250465A
:103F0000FFF723F87006010E5046FFF7D8F8504629
:103F1000FFF75EF84FF0000809E015F8011B504666
:103F2000FFF7CDF85046FFF753F808F10108B84500
:103F3000F3DB5046FFF72EF84846BDE8F09F2DE929
:103F4000F04704460F464FF00008C1460025AA4638
:103F500099492068884201D1DFF864A29749206816
:103F6000884201D1DFF85CA25046FEF7EEFF012047
:103F700000EB4700C1B25046FFF7A1F85046FFF7EB
:103F800027F8012084F81C0449465046FFF7CBF877
:103F900080464146201D06F0F6FB49465046FFF795
:103FA000C2F805462946201D06F0EDFB002611E06B
:103FB000681EB04202D14FF0000901E04FF0010944
:103FC00049465046FFF7AFF880464146201D06F0AF
:103FD000DAFB761CAE42EBDB022084F81C04504670
:103FE000FEF7D8FF4046BDE8F0872DE9F0410546D1
:103FF0000F4690461C462046E11704EBD15149126A
:10400000A4EB4121A5F81A147806000E85F81F04C8
:104010004FF4007105F5057009F015FA2646E01712
:1040200004EB10600012A4EB0022414605F5057078
:1040300009F09AF9BDE8F08170B504460025002624
:104040002068FCF748FF06465A49891E701A8E42BE
:1040500026D008DC6FF44030304448B101285FD0EE
:104060003F287DD15DE0022809D00428F9D137E04E
:1040700094F81F1400222068FCF738FEB3E0B4F86F
:1040800018345A1CA4F8182404F50572D15C206871
:10409000FCF7B0FEB4F81A04401EA4F81A04A2E01B
:1040A000B4F81A04002810DDB4F818345A1CA4F827
:1040B000182404F50572D15C2068FCF79BFEB4F867
:1040C0001A04401EA4F81A0409E001212068FCF734
:1040D00001FE0020A4F81804102084F81C0482E0DB
:1040E000B4F81A04002810DDB4F818345A1CA4F8E7
:1040F000182404F50572D15C2068FCF77BFEB4F847
:104100001A04401EA4F81A0409E001212068FCF7F3
:10411000E1FD0020A4F81804102084F81C0462E0DB
:1041200061E0042084F81C042068FCF765FE054665
:104130002946201D06F027FBB4F81404401CA4F8FF
:104140001404B4F81404022801D1A4F81654B4F8E5
:104150001414B4F81604401C814205D1002100E07B
:1041600037E02068FCF7CAFDB4F81414B4F816045C
:10417000801C81422CD10020A4F81404022084F871
:104180001C0421E04552524F523A204932432077D5
:104190006169742074696D656F75742C2065727225
:1041A0006F72436F6465203D2025640D0A00000096
:1041B0000100030082000700005400400058004046
:1041C000780000208400002001212068FCF782FD97
:1041D00009E000BF334640F2B122FDA1002008F003
:1041E0004BFE00BF00BF00BF70BD70B50446002687
:1041F00000252068FCF76FFE0546FE49681A8D42CF
:1042000048D008DC102D4ED0B5F5806F36D0B5F112
:10421000021F50D13DE0A0F58020403828B102288F
:1042200002D0042847D114E04DE0202084F81C047B
:10423000B4F818345A1CA4F8182404F50572D15C9B
:104240002068FCF7D7FDB4F81A04401EA4F81A043D
:1042500039E0B4F81A0400280FDDB4F818345A1CF9
:10426000A4F8182404F50572D15C2068FCF7C2FD9F
:10427000B4F81A04401EA4F81A0424E00020A4F89C
:104280001804102084F81C04DB492068FCF773FE36
:1042900019E018E02068FCF7AFFD06463146201D06
:1042A00006F071FA0FE0022084F81C040121206856
:1042B000FCF7E1FC07E000BF2A46C7A1002008F098
:1042C000DBFD00BF00BF00BF70BD70B50446002518
:1042D00000262068FCF7FFFD0646C849701A8E428A
:1042E00078D015DCC349A6EB01008E4273D008DC00
:1042F000102E71D0B6F5806F6FD0B6F1021F6DD160
:10430000E4E0A0F57F40C138B8B10128F7D171E0F1
:10431000BB4A811A904228D00ADCA0F54030A0F1B7
:10432000400000287ED002287DD00428E7D1ADE0EF
:10433000022909D00429E2D137E094F81F140022A1
:104340002068FCF7D3FCDBE0B4F818345A1CA4F85E
:10435000182404F50572D15C2068FCF74BFDB4F815
:104360001A04401EA4F81A04CAE0B4F81A0400287B
:1043700010DDB4F818345A1CA4F8182404F505729A
:10438000D15C2068FCF736FDB4F81A04401EA4F88E
:104390001A0409E001212068FCF79CFC0020A4F825
:1043A0001804102084F81C04AAE0B4F81A040028A9
:1043B00015DDB4F818345A1CA4F8182404F5057255
:1043C000D15C2068FCF716FDB4F81A04401EA4F86E
:1043D0001A040EE00FE07AE082E06CE088E0012150
:1043E0002068FCF777FC0020A4F81804102084F85B
:1043F0001C0485E084E0042084F81C042068FCF799
:10440000FBFC05462946201D06F0BDF9B4F814044E
:10441000401CA4F81404B4F81404022801D1A4F830
:10442000165401E01EE01CE0B4F81414B4F81604AD
:10443000401C814203D100212068FCF75FFCB4F8E6
:104440001414B4F81604801C814209D10020A4F889
:104450001404022084F81C0401212068FCF73AFCB3
:104460004EE04DE0202084F81C04B4F818345A1CA7
:10447000A4F8182404F50572D15C2068FCF7BAFC96
:10448000B4F81A04401EA4F81A0439E0B4F81A0467
:1044900000280FDDB4F818345A1CA4F8182404F5C9
:1044A0000572D15C2068FCF7A5FCB4F81A04401E24
:1044B000A4F81A0424E00020A4F81804102084F8BA
:1044C0001C044D492068FCF756FD19E018E02068EF
:1044D000FCF792FC05462946201D06F054F90FE032
:1044E000022084F81C0401212068FCF7C4FB07E0CB
:1044F00000BF324638A1002008F0BEFC00BF00BF5C
:1045000000BF70BD10B53F48FFF7DFFE10BD10B50E
:1045100039493D48FCF71CFD18B137493A48FCF7CA
:104520002AFD4FF001213848FCF712FD20B14FF071
:1045300001213548FCF71FFD34493348FCF708FDDD
:1045400018B132493048FCF716FD10BD10B530489F
:10455000FFF7BBFE10BD10B527492B48FCF7F8FC50
:1045600018B125492848FCF706FD4FF001212648DF
:10457000FCF7EEFC20B14FF001212348FCF7FBFCD7
:1045800010BD70B50446234D07E0281EA5F10105B6
:1045900003D16320FFF7C1FB70BD4FF400312068E9
:1045A000FCF7A6FC0028F0D102E02068FCF724FC10
:1045B00019492068FCF79CFC0028F6D14FF40072E2
:1045C00010491431A1F1100006F0D6F826E00000E1
:1045D0004C696E6525643A2049324320696E7661E4
:1045E000696C64204556454E545B253038785D0D26
:1045F0000A00000040000200000400014000030027
:10460000400004009000002000540040000200011F
:10461000B0040020A0860100400000104FF400729A
:104620001849A1F1100006F0A7F80020B4E77CB506
:1046300006460C462546082313A227212846FFF7E5
:10464000AAFBAFF215004FF47A720023CDE9000502
:10465000104805F0D1FF7CBD1CB50F48007878B933
:104660000D480078401C0C4908700C48AFF241011D
:104670004FF47A720023CDE90010064805F0BCFF24
:104680001CBD0000C40400203132333435363738C5
:1046900000000000D81E00203815002090000020E7
:1046A00010B504462CB1012211025248FCF7FAF968
:1046B00005E000224FF480714E48FCF7F3F900202A
:1046C00010BD10B5044601214B48FCF7CDF908B1E7
:1046D000012010BD0020FCE710B504460221464829
:1046E000FCF7C2F908B1012010BD0020FCE710B5AD
:1046F00004464FF480714048FCF7B6F908B1012038
:1047000010BD0020FCE710B504464FF400713A4894
:10471000FCF7AAF908B1012010BD0020FCE710B594
:1047200004464FF480513448FCF79EF908B101204B
:1047300010BD0020FCE710B504464FF400512E4890
:10474000FCF792F908B1012010BD0020FCE770B51C
:1047500004460D46002628466168884706463046CE
:1047600070BD70B504460D4600262846616888472E
:104770000646304670BD10B5044621461F48FFF777
:10478000E6FF10BD70B5054600244FF400511A48ED
:10479000FCF76AF904434FF480511748FCF764F9B9
:1047A00044EA4000C4B24FF400711348FCF75CF9CE
:1047B00044EA8000C4B24FF480710F48FCF754F90A
:1047C00044EAC000C4B202210B48FCF74DF944EAA8
:1047D0000010C4B201210848FCF746F944EA401031
:1047E000C4B200BF224606A1002008F045FB00BF6E
:1047F0002C7070BD00080240000402403C150020EF
:104800006C6F63616C2061646472657373203C2516
:104810003032783E200D0A0070B52DED068B04462F
:104820000025A5886D1105F48060C0B1E843401CE7
:1048300085B228460AF00BFA41EC1A0B9FED990B52
:1048400053EC102B0AF016FA41EC190B0AF092F90E
:1048500041EC180B0AF0CCF900B2E08010E02846D9
:104860000AF0F5F941EC190B9FED8E0B53EC102B70
:104870000AF000FA41EC180B0AF0BAF900B2E08035
:10488000BDEC068B70BDF8B50446002000900225F3
:1048900000264FF420408549086009E083490868F4
:1048A000411E824A116018B90920FFF736FAF8BD97
:1048B000216808684FF40031FCF71AFB0028EDD19D
:1048C000216808680121FCF7F9F94FF48050774915
:1048D000086009E075490868411E744A116018B9FA
:1048E0000A20FFF71AFAE2E7216808687049FCF726
:1048F000DDFA0028EED0226892F81F14106800221A
:10490000FCF7F4F94FF480506849086009E0674902
:104910000868411E654A116018B90B20FFF7FDF9C0
:10492000C5E7216808686349FCF7C0FA0028EED0A3
:10493000216808680121FCF79EF9216808680021B8
:10494000FCF758FA4FF480505849086009E057497D
:104950000868411E554A116018B90C20FFF7DDF9AF
:10496000A5E7216808685349891CFCF79FFA0028CD
:10497000EDD0216808680121FCF7A0F94FF48050C0
:104980004A49086009E049490868411E474A1160E0
:1049900018B90D20FFF7C1F989E721680868444973
:1049A000FCF784FA0028EED0226892F81F2442F027
:1049B0000101226810680122FCF798F94FF4805039
:1049C0003A49086009E039490868411E374A1160D0
:1049D00018B90E20FFF7A1F969E721680868344982
:1049E000491CFCF763FA0028EDD02DE0012D09D118
:1049F000216808680021FCF781F921680868012115
:104A0000FCF768F94FF420402849086009E027497D
:104A10000868411E254A116018B90320FFF77DF987
:104A200045E72168086822493F31FCF73FFA002832
:104A3000EDD021680868FCF7DFF93146721CD6B268
:104A40000DF80100681EC5B2002DCFD1216808689D
:104A50000121FCF753F99DF801009DF8001040EA90
:104A60000120A0802046FFF7D7FE01201FE710B5E8
:104A700000241148FFF707FF0F48B0F9064000BFB8
:104A80000EA1002008F0F8F900BF00BF0A48B0F9F5
:104A90000620234614A1002008F0EEF900BF2046AE
:104AA00010BD000000000000000029407415002027
:104AB0000100030082000700781500203D3D3D3DC8
:104AC0003D3D3D3D3D3D3D3D3D3D3D3D3D3D3D3D16
:104AD0003D3D3D3D3D3D3D3D3D3D3D3D3D3D3D3D06
:104AE0003D3D0D0A0000000054454D50315B2564EA
:104AF0005D204156475B25645D0D0A0070B5044694
:104B00000D4600212046FEF723F900BF2046FEF7A0
:104B10006CF90028FAD129462046FEF73AF901211E
:104B20002046FEF715F970BD30B58FB004460D462E
:104B300001218805FCF720FC5D48FEF72DF800BF39
:104B40005B48FEF752F90028FAD14FF0C0600090A0
:104B5000584801900294049540200390002005904D
:104B60004FF48060069000200790089009904FF461
:104B700080300A9000200B9003200C9000200D90B4
:104B80000E9069464A48FEF7A9F829464848FFF7BB
:104B9000B5FF0FB030BD00B589B001210320FCF78F
:104BA000EBFB01210803FCF741FC382007900220B1
:104BB0008DF8200000208DF8220003208DF82100C0
:104BC00001208DF8230007A93B48FBF7EBFE1020DE
:104BD000079007A93948FBF7E5FE0522042137486D
:104BE000FBF76BFF052203213348FBF766FF052225
:104BF00004213148FBF761FF052211462E48FBF7DF
:104C00005CFF01210803FCF766FC00214FF4805093
:104C1000FCF761FC0020ADF80800ADF80A00ADF823
:104C20000C000220ADF80E000120ADF810000020AD
:104C3000ADF812003820ADF814000020ADF81600D1
:104C40000720ADF8180002A91A480C38FCF734FD0B
:104C5000012118480C38FCF729FE23208DF80400A8
:104C600000208DF805008DF8060001208DF8070062
:104C700001A8FBF774FB012260210E480C38FCF7F9
:104C8000BDFE09B000BD10B504460A480C380088C6
:104C90004FF6C771084007490C390880084600885C
:104CA00020430880012103480C38FCF7FFFD10BDAC
:104CB000586402400C3001400004024000000240F1
:104CC00070B505460C4645F25550FCF75BF9284691
:104CD000FCF75BF92046FCF75BF9FCF75CF9FCF7A5
:104CE0005FF970BD10B5FCF756F910BD10B504465C
:104CF0006FF00400FBF780FBE11704EB5171C1F387
:104D0000C701394A11701046007800EB4001C1EB31
:104D1000C0104FF6FF7101EAC0003449088010BD91
:104D20000146314A12784A434FF0E0235A6100228B
:104D30009A611A46126942F001021A6100BF4FF0EF
:104D4000E022106900F001021AB100F48032002A5A
:104D5000F5D04FF0E022126922F001024FF0E0237B
:104D60001A6100229A6170470146204A12884A431C
:104D70004FF0E0235A6100229A611A46126942F00C
:104D800001021A6100BF4FF0E022106900F0010239
:104D90001AB100F48032002AF5D04FF0E0221269F7
:104DA00022F001024FF0E0231A6100229A6170475D
:104DB00070B504464FF4077094FBF0F0C6B24FF4A0
:104DC000077094FBF0F100FB114085B205E04FF451
:104DD0000770FFF7C9FF701EC6B2002EF7D115B1DC
:104DE0002846FFF7C1FF70BD881500208A150020F6
:104DF00000BF704770B504460D467C490C8000BF6B
:104E000040217A48001FFDF767FE0028F8D02046B1
:104E100070BD10B588B0044601210846FCF7ACFA15
:104E200001211020FCF7B9FA072209217048FBF78D
:104E300044FE07220A216E48FBF73FFE4FF4C06094
:104E4000069002208DF81C008DF81D0000208DF8C2
:104E50001E0001208DF81F0006A96548FBF7A2FD82
:104E600002940020ADF80C00ADF80E00ADF8100073
:104E7000ADF814000C20ADF8120002A95D48FDF752
:104E8000C8FC01215B48FDF74CFD40215948FDF766
:104E900030FE012240F225515648FDF7F8FD25204D
:104EA0008DF8040003208DF805008DF80600012020
:104EB0008DF8070001A8FBF752FA08B010BD10B535
:104EC00086B0044601214FF00410FCF755FA47481C
:104ED000001FFDF737FC07220A214748FBF7EDFDCD
:104EE00007220B214448FBF7E8FD4FF44060049093
:104EF00002208DF814008DF8150000208DF81600A2
:104F000001208DF8170004A93B48FBF74BFD0094E6
:104F10000020ADF80400ADF80600ADF80800ADF8CB
:104F20000C000C20ADF80A0069463048001FFDF760
:104F300070FC01212D48001FFDF7F3FC40212B4898
:104F4000001FFDF7D6FD06B010BD10B586B00446B3
:104F500001210420FCF710FA01218804FCF755FA1E
:104F600007220A212448FBF7A8FD07220B2122482B
:104F7000FBF7A3FD4FF44060049002208DF814006D
:104F80008DF8150000208DF8160001208DF817000F
:104F900004A91948FBF706FD00940020ADF80400B1
:104FA000ADF80600ADF80800ADF80C000C20ADF827
:104FB0000A0069460D48001FFDF72BFC01210B4834
:104FC000001FFDF7AEFC40210848001FFDF791FDD2
:104FD00006B010BD10B540F225510648FDF792FD10
:104FE00018B10448FDF7CCFCC4B210BD0448004021
:104FF0000000024000100140000802400F2180F82C
:105000002A100F222B210A542C210A542D210A5434
:105010002E210A542F210A5430210A54704700BF10
:1050200000BF4FF4C060FBF795F9A820FFF75EFEC4
:1050300040F2DC50FFF7BCFE00BF21A1002007F0CA
:105040001BFF00BF4FF4E130FFF77FFF4FF4E1306B
:10505000FFF7DFFEFEF758FBFEF774FBFEF788FB59
:10506000FEF7B5FBFEF7C9FBFEF7E3FBFEF78CF896
:10507000532140F2E730FEF70DFCFEF712FE174811
:10508000FFF780FB05F04BFB02F0A7FA05F038F8BC
:105090001348FFF7B3FF4FF448710420FFF710FEE9
:1050A00000BF10A1002007F0E7FE00BF06E005F0FA
:1050B00043FB02F0DBFA05F055F800BFF7E700000C
:1050C0003C5A4B423E2073797374656D20696E695A
:1050D00074202E2E2E2E2E2E0D0A0000A01F002032
:1050E000BC1F00203C5A4B423E2053797374656DBF
:1050F00020696E697420636F6D706C657465642CD3
:1051000020656E746572206C6F6F70202E2E2E2EAF
:105110002E2E0D0A00000000704700BFFEE700BF02
:10512000FEE700BFFEE700BFFEE77047704770472D
:10513000704700000CB50020019000907648006890
:1051400040F480307449086000BF7348006800F480
:10515000003000900198401C0190009818B9019807
:10516000B0F5A04FF1D16C48006800F4003010B1E8
:105170000120009001E0002000900098012846D115
:1051800065484030006840F0805063494031086015
:105190006248006840F44040604908605E4808305A
:1051A00000685D49083108600846006840F4004026
:1051B00008600846006840F4A05008605848091F7D
:1051C0000860081F006840F08070091F086000BF79
:1051D0005148006800F000700028F9D040F20570D6
:1051E000504908604C480830006820F003004A49E4
:1051F000083108600846006840F00200086000BFFF
:1052000045480830006800F00C000828F8D10CBDB3
:1052100010B54548006840F47000434908603E48B6
:10522000006840F001003C49086000203A4908311C
:105230000860394800683D490840374908603C48E3
:10524000091D0860081F006820F48020091F0860FD
:10525000002031490C310860FFF76CFF4FF000600F
:1052600031498039086010BD70B50020002202234A
:1052700000240221284D08352D6805F00C0020B1CE
:10528000042806D0082834D107E02A4D2A4E35607C
:1052900033E02A4D284E35602FE01F4D2D1D2D681F
:1052A000C5F380541C4D2D1D2D6805F03F0154B1F0
:1052B000224DB5FBF1F5184E361D3668C6F388163B
:1052C00005FB06F209E01B4DB5FBF1F5124E361D4C
:1052D0003668C6F3881605FB06F20F4D2D1D2D68A6
:1052E000C5F301456D1C6B00B2FBF3F5124E356042
:1052F00003E0104D104E356000BF00BF064D08356D
:105300002D68C5F303150E4E705D0B4D2D68C5401D
:10531000094E356070BD000000380240007000404A
:1053200008544007003C024088ED00E0FFFFF6FE15
:10533000103000240024F400C415002000127A006C
:10534000C815002010B502460B460020002100BF02
:1053500004E0545C0444E0B24C1CE1B25C1E8C429C
:10536000F7DC10BD10B502460B460020002100BF3F
:1053700004E0545C0444E0B24C1CE1B29942F8DB16
:1053800010BDF0B5ADF5017D0446002700250026CF
:105390004FF4007101A808F056F8A079801F86B27A
:1053A000627929466D1C01A84254A27929466D1CD8
:1053B0004254E27929466D1C4254227A29466D1CDA
:1053C0004254627A29466D1C4254002E08DD01A920
:1053D0004819324604F10A0107F0C6FFA81985B240
:1053E000A81EC1B20DF10600FFF7BCFF014628461A
:1053F0006A1C95B201AA115421792B462068FEF748
:10540000CAFC074638460DF5017DF0BD10B50446CF
:105410002CB101228021F848FBF744FB04E0002274
:105420008021F548FBF73EFB002010BD2DE9F04739
:1054300007460D461646B8464FF00009EF4C062EBB
:105440006FD128780328FBD10120A8F822006878C2
:105450000E3812287ED2DFE800F0092139516A8324
:105460009BB4CDEFEDECEBEAE9E8E7E600BFE878C6
:10547000A97840EA012020826879297940EA012050
:10548000A086208AB0F5967F03DD012084F85A00BB
:1054900002E0002084F85A0000BFBAE100BFE878BB
:1054A000A97840EA012060826879297940EA0120E0
:1054B000E086608AB0F5967F03DD012084F85B000A
:1054C00002E0002084F85B0000BFA2E100BFE878A2
:1054D000A97840EA0120A0826879297940EA012070
:1054E0002087A08AB0F5967F03DD012084F85C0058
:1054F00002E0002084F85C0000BF8AE100BFE87889
:10550000A97840EA0120E0826879297940EA0120FF
:105510006087E08AB0F5967F04DD012084F85D00A5
:1055200003E077E1002084F85D0000BF71E100BF77
:10553000E878A97840EA012020836879297940EA4F
:105540000120A087208BB0F5967F04DD012084F830
:105550005E0003E054E1002084F85E0000BF58E1E3
:1055600000BFE878A97840EA01206083687929794A
:1055700040EA0120E087608BB0F5967F03DD0120D3
:1055800084F85F0002E0002084F85F0000BF40E183
:1055900000BFE878A97840EA0120A08368792979DA
:1055A00040EA0120A4F84000A08BB0F5967F03DD0F
:1055B000012084F8600002E0002084F8600000BF51
:1055C00027E100BFE878A97840EA0120A083687944
:1055D000297940EA0120A4F84000A08BB0F5967F1D
:1055E00003DD012084F8600002E0002084F8600000
:1055F00000BF0EE100BFE878A97840EA01202084CE
:105600006879297940EA0120A4F84400208CB0F59B
:10561000967F03DD012084F8620002E0002084F818
:10562000620000BFF5E0CEE0B5E09BE081E067E01E
:105630004DE033E019E0FFE700BFE878A97840EAE1
:10564000012060846879297940EA0120A4F84600A5
:10565000608CB0F5967F03DD012084F8630002E0E2
:10566000002084F8630000BFD3E000BFE878A97889
:1056700040EA0120A0846879297940EA0120A4F851
:105680004800A08CB0F5967F03DD012084F864000B
:1056900002E0002084F8640000BFBAE000BFE878B0
:1056A000A97840EA0120E0846879297940EA01205C
:1056B000A4F84A00E08CB0F5967F03DD012084F861
:1056C000650002E0002084F8650000BFA1E000BF93
:1056D000E878A97840EA012020856879297940EAAC
:1056E0000120A4F84C00208DB0F5967F03DD012049
:1056F00084F8660002E0002084F8660000BF88E0BD
:1057000000BFE878A97840EA0120608568792979A6
:1057100040EA0120A4F84E00608DB0F5967F03DDCD
:10572000012084F8670002E0002084F8670000BFD1
:105730006FE000BFE878A97840EA0120A085687989
:10574000297940EA0120A4F85000A08DB0F5967F99
:1057500003DD012084F8680002E0002084F868007E
:1057600000BF56E000BFE878A97840EA0120E08554
:105770006879297940EA0120A4F85200E08DB0F55B
:10578000967F03DD012084F8690002E0002084F8A0
:10579000690000BF3DE000BFE878A97840EA012039
:1057A000A0816879297940EA01202086A089B0F596
:1057B000967F03DD012084F8580002E0002084F881
:1057C000580000BF25E000BFE878A97840EA012032
:1057D000E0816879297940EA01206086E089B0F5A6
:1057E000967F03DD012084F8590002E0002084F850
:1057F000590000BF0DE0000000000240341F0020EF
:1058000000BF6B78A322F7A1002007F035FB00BF93
:1058100000BF00BF701E82B2691CFA4804F053FA40
:1058200081464846BDE8F0872DE9F04704460D461D
:105830001646A0460027B9464EB12878032806D15F
:1058400000BFC122F0A1002007F016FB00BF3846C0
:10585000BDE8F0872DE9F04707460C469046B9466B
:105860004FF0000A0026ED4DB8F1040F59D1207811
:10587000032856D10120A9F822006078092806D013
:105880000A2814D00B2822D00C2840D12FE000BFCA
:10589000E078A17840EA012626B16E80012085F8E3
:1058A000540002E0002085F8540000BF38E000BF3B
:1058B000E078A17840EA012626B1AE80012085F883
:1058C000550002E0002085F8550000BF28E000BF29
:1058D000E078A17840EA012626B1EE80012085F823
:1058E000560002E0002085F8560000BF18E000BF17
:1058F000E078A17840EA012626B12E81012085F8C2
:10590000570002E0002085F8570000BF08E000BF04
:105910006378E422B3A1002007F0AEFA00BF00BF15
:1059200000BF5046BDE8F0872DE9F84304460D4618
:10593000164627464FF0000800200090012E0AD19D
:105940002878032807D10120788400BFB4A1002063
:1059500007F092FA00BF01226946AA4804F059FAFA
:1059600080464046BDE8F8832DE9F04106460C46E6
:10597000154637464FF0000825B12078032801D19D
:1059800001207884681E82B2611C9E4804F077F979
:1059900080464046BDE8F0812DE9F04105460F46BE
:1059A0009046002408F1190600BF4EE015F81400D7
:1059B00034282DD008DC302812D0312816D03228D7
:1059C0001AD0332836D11DE0352827D036282BD0E1
:1059D00072282FD1012000EB4400285CB07032E027
:1059E000012000EB4400285C70702CE0012000EBEB
:1059F0004400285CF07026E0012000EB4400285CA5
:105A0000307120E0012000EB4400285C70711AE046
:105A1000012000EB4400285CB07114E0012000EB91
:105A20004400285CF0710EE0012000EB4400285C8B
:105A3000307208E000BF15F8142086A1002007F09E
:105A40001BFA00BF00BF00BF641C07EBD771B4EBAB
:105A5000610FABDBBDE8F0812DE9F04105460F4653
:105A60009046002408F1220600BF46E015F8140015
:105A7000242825D006DC212810D0222814D0232861
:105A800030D117E0252821D0262825D0732829D108
:105A9000012000EB4400285CB0702CE0012000EBFA
:105AA0004400285C707026E0012000EB4400285C74
:105AB000F07020E0012000EB4400285C30711AE017
:105AC000012000EB4400285C707114E0012000EB21
:105AD0004400285CB0710EE0012000EB4400285C1B
:105AE000F07108E000BF15F814205AA1002007F05B
:105AF000C3F900BF00BF00BF641C07EBD771B4EB54
:105B0000610FB3DBBDE8F0812DE9F04105460F469A
:105B10009046002408F1130600BF36E015F8140083
:105B200062281BD004DC60280CD0612822D10FE051
:105B3000632819D075281DD1012000EB4400285C92
:105B4000B07020E0012000EB4400285C70701AE087
:105B5000012000EB4400285CF07014E0012000EB11
:105B60004400285C30710EE0012000EB4400285C0A
:105B7000707108E000BF15F8142036A1002007F06E
:105B80007BF900BF00BF00BF641C07EBD771B4EB0B
:105B9000610FC3DBBDE8F0812DE9F04105460F46FA
:105BA00090460024464600BFEBE015F81400162886
:105BB00017D00ADCA0F10D00092871D2DFE800F04F
:105BC0006A737981878D93999F001B2869D055DC72
:105BD000172867D0182872D0192871D01A285FD1D9
:105BE000ABE092E04C696E652564203A20696E76E0
:105BF00061696C6420706172616D5B253032785D23
:105C00000D0A0000502200204C696E652564203A80
:105C100020434D443135204F4B0D0A00341F0020E6
:105C20003C2053504920434D443235203E20436FA1
:105C30006E666967205A4A4220706F7765722075D8
:105C40007020616674657220706F776572206F6E68
:105C50000D0A00004C696E6525643A20556E6B6E26
:105C60006F776E2061626E6F726D616C20494420A7
:105C70005B253032785D0D0A000000001C2868D0DA
:105C80001D286CD0702870D1012000EB4400285CE6
:105C9000707074E0012000EB4400285CB0706EE08E
:105CA00063E050E037E0012000EB4400285CF07036
:105CB00065E0012000EB4400285C30715FE030E0DB
:105CC00035E0012000EB4400285C707157E00120B2
:105CD00000EB4400285CB07151E0012000EB44006F
:105CE000285CF0714BE0012000EB4400285C30722E
:105CF00045E0012000EB4400285C70723FE0012089
:105D000000EB4400285CB07239E0012000EB440055
:105D1000285CF07233E0012000EB4400285C307313
:105D20002DE0012000EB4400285C707327E0012087
:105D300000EB4400285CB07321E0012000EB44003C
:105D4000285CF0731BE0012000EB4400285C3074F9
:105D500015E0012000EB4400285C70740FE0012086
:105D600000EB4400285CB07409E000BF15F8142073
:105D7000AFF22011002007F07FF800BF00BF00BF86
:105D8000641C07EBD771B4EB610FFFF60EAFBDE8F3
:105D9000F0812DE9F84306460C46154637464FF08C
:105DA000000800200090002D7DD0207803287AD1B3
:105DB00001207884607875281DD1FE480068401C59
:105DC000FC490860681E81B2FB4A601CFFF79CFE1C
:105DD000681E82B2611CF94801F0FAFD7A208DF844
:105DE00000000F208DF8010002226946F34801F0FF
:105DF000EFFD00BF00BF607872281DD1F048006839
:105E0000401CEF490860681E81B2EB4A601CFFF736
:105E1000C3FD681E82B2611CE84801F0D9FD7720FD
:105E20008DF800000F208DF8010002226946E3483A
:105E300001F0CEFD00BF00BF607873281DD1E1489E
:105E40000068401CDF490860681E81B2DA4A601CA5
:105E5000FFF702FE681E82B2611CD84801F0B8FD4F
:105E600078208DF800000F208DF80100022269468D
:105E7000D24801F0ADFD00BF00BF607870281FD18F
:105E8000D1480068401CD0490860681E81B2CA4AE7
:105E9000601CFFF781FE681E82B2611CC74801F0DA
:105EA00097FD762000E00BE08DF800000F208DF8C4
:105EB000010002226946C14801F08AFD00BF00BF0F
:105EC0004046BDE8F88370B503460D4619460020EC
:105ED0005AB9012690246654082691246654002657
:105EE0009224665408268C24665470BDFEB5044680
:105EF0000F46164635462078602806D0612817D010
:105F0000622834D0632871D150E02079E17840EAEA
:105F1000012000B2708000BFB6F9020040F22123D8
:105F2000AA4AABA10090002006F0A6FF00BF68E0DF
:105F300000BFA078617840EA0120A8802079E1784C
:105F400040EA0120688160790011287400BF287C34
:105F50006989AA88A6A3CDE9002102904FF40972AD
:105F6000A6A1002006F088FF00BF00BF49E000BFE7
:105F7000A078617840EA0120E8802079E17840EA61
:105F80000120A88160790011687400BF687CA9892C
:105F9000EA88A6A3CDE90021029040F2272297A12A
:105FA000002006F069FF00BF00BF2AE000BFA07814
:105FB000617840EA012028812079E17840EA0120D7
:105FC000E88160790011A87400BFA97CE8892A895A
:105FD00099A3CDE90020029140F22A2287A1002056
:105FE00006F04AFF00BF00BF0BE0FFE700BF2378C9
:105FF00040F22E22AFF21441002006F03DFF00BF18
:1060000000BF00BFFEBDF8B504460F46164606F1B8
:10601000140520783038082875D2DFE800F0040B2A
:1060200020354A5F758A2079E17840EA012001B283
:10603000F18293E000BFA078617840EA0120A88057
:1060400060790011A87400BFA87C0090AB887CA286
:106050007DA1002006F010FF00BF00BF7EE000BF62
:10606000A078617840EA0120E88060790011E87446
:1060700000BFE87C0090EB887DA273A1002006F0B1
:10608000FBFE00BF00BF69E000BFA078617840EA76
:106090000120288160790011287500BF287D0090BB
:1060A0002B8975A268A1002006F0E6FE00BF00BFA4
:1060B00054E000BFA078617840EA012068816079EF
:1060C0000011687500BF687D00906B896CA25EA1AD
:1060D000002006F0D1FE00BF00BF3FE000BFA07867
:1060E000617840EA0120A88160790011A87500BF9D
:1060F000A87D0090AB8964A253A1002006F0BCFEED
:1061000000BF00BF2AE01EE000BFA078617840EA2F
:106110000120E88160790011E87500BFE87D0090FA
:10612000EB8945A248A1002006F0A6FE00BF00BFF3
:1061300014E02079E17840EA0121B184607901110D
:106140002C2081550AE000BF237840F25222AFF2A2
:106150006C51002006F090FE00BF00BF00BFF8BDEC
:106160002DE9FC4104460F46164606F12E0520781F
:10617000213808281CD2DFE800F0040B94ADC6DFFC
:10618000FAF82079E17840EA012001B2318607E18E
:1061900000BFA078617840EA0120A88060790011F2
:1061A000287400BF287CA98825A340F261226FE0F3
:1061B000EBE00000A4150020BC1F0020C01D002043
:1061C000A8150020AC150020B01500206EEF0008C7
:1061D00025732829204C696E6525643A2054656D25
:1061E000707265747572655B25645D200D0A000030
:1061F0005643433132565F31000000004C696E65F2
:1062000025643A20257320766F6C746167655B2581
:10621000645D2063757272656E745B25645D206FCA
:106220006E6F66665B25645D0D0A00005643433160
:1062300032565F32000000005643433356330000AD
:1062400056434331563200002A2A2A4A4B4B5A42BF
:106250003A20257320766F6C746167655B25645DF9
:1062600020206F6E6F66665B25645D0D0A0000007E
:1062700056434331563500005643433156380000EB
:1062800056434331563000005643433256350000E2
:10629000CDE90010FEA1002006F0EEFD00BF00BF1A
:1062A0007EE000BFA078617840EA0120E880607954
:1062B0000011687400BF687CE988AFF24C034FF4AA
:1062C0001972CDE90010F2A1002006F0D5FD00BF43
:1062D00000BF65E000BFA078617840EA0120288116
:1062E00060790011A87400BFA87C2989AFF27803F7
:1062F00040F26722CDE90010E5A1002006F0BCFDC8
:1063000000BF00BF4CE000BFA078617840EA0120E8
:10631000688160790011E87400BFE87C6989AFF298
:10632000A00340F26A22CDE90010D9A1002006F0B6
:10633000A3FD00BF00BF33E000BFA078617840EA52
:106340000120A88160790011287500BF287DA989E6
:10635000AFF21C1340F26D22CDE90010CCA1002059
:1063600006F08AFD00BF00BF1AE00AE0FFE72079CF
:10637000E17840EA0121B18760790111432081551C
:106380000EE0A07886F82E000AE000BF237840F2E5
:106390007722AFF2B071002006F06EFD00BF00BFA3
:1063A00000BFBDE8FC81FEB505460F46164606F166
:1063B000440428780D38142879D2DFE800F00A1256
:1063C0003456799BBDDFFEFDFCFBFAF9F8F7F6F5D4
:1063D000F4F32879E97840EA012001B24E20815394
:1063E000DFE200BFA878697840EA0120208228799E
:1063F000E97840EA0120A0866879001184F85A0003
:1064000000BF94F85A00A18E228AABA3CDE90021E7
:10641000029040F28A22AFF21C21002006F02CFDEF
:1064200000BF00BFBDE200BFA878697840EA012044
:1064300060822879E97840EA0120E08668790011D5
:1064400084F85B0000BF94F85B10E08E628A9DA325
:10645000CDE90020029140F29122AFF260210020AC
:1064600006F00AFD00BF00BF9BE200BFA878697874
:1064700040EA0120A0822879E97840EA01202087BB
:106480006879001184F85C0000BF94F85C10208FDC
:10649000A28A8FA3CDE9002002914FF42572AFF2BA
:1064A000A421002006F0E8FC00BF00BF79E26DE205
:1064B00000BFA878697840EA0120E0822879E9786D
:1064C00040EA012060876879001184F85D0000BF10
:1064D00094F85D00618FE28A80A3CDE900210290EB
:1064E00040F29722AFF2EC21002006F0C5FC00BF7D
:1064F00000BF56E200BFA878697840EA01202083F7
:106500002879E97840EA0120A0876879001184F8A9
:106510005E0000BF94F85E10A08F228B72A3CDE9BD
:106520000020029140F29A22AFF23031002006F0B2
:10653000A3FC00BF00BF34E200BFA878697840EA3E
:10654000012060832879E97840EA0120E0876879B2
:10655000001184F85F0000BF94F85F00E18F628B48
:1065600064A3CDE90021029040F29D22AFF2743184
:10657000002006F081FC00BF00BF12E200BFA87837
:10658000697840EA0120A0832879E97840EA01206F
:10659000A4F840006879001184F8600000BF94F806
:1065A00060000BE0EEE1CBE1A8E183E15EE139E1DF
:1065B00014E1EFE0CAE05AE035E010E0B4F8401032
:1065C000A28B4FA3CDE9002102904FF42872AFF2C5
:1065D000D431002006F050FC00BF00BFE1E100BF55
:1065E000A878697840EA0120E0832879E97840EAD0
:1065F0000120A4F842006879001184F8610000BF0E
:1066000094F86110B4F84200E28B40A3CDE9002079
:10661000029140F2A322AFF21C41002006F02CFCB4
:1066200000BF00BFBDE100BFA878697840EA012043
:1066300020842879E97840EA0120A4F844006879A8
:10664000001184F8620000BF94F86200B4F84410AE
:10665000228C31A3CDE90021029040F2A622AFF2B4
:106660006441002006F008FC00BF00BF99E100BFB4
:10667000A878697840EA012060842879E97840EABE
:106680000120A4F846006879001184F8630049E00D
:106690004C696E6525643A20257320766F6C7461B1
:1066A00067655B25645D2020206F6E6F66665B25E5
:1066B000645D0D0A000000003238565F4A43584AB4
:1066C000000000003132565F57414F584A00000029
:1066D0003238565F4251584A000000003132565F4E
:1066E000445947595F4200003238565F4646584A7F
:1066F000000000003132563238565F424631000009
:106700003132563238565F42463200003238565FD8
:1067100054534759000000003238565F5147534ADE
:106720000000000000BF94F86310B4F84600628CCB
:10673000FEA3CDE90020029140F2A922AFF244511C
:10674000002006F099FB00BF00BF2AE100BFA87837
:10675000697840EA0120A0842879E97840EA01209C
:10676000A4F848006879001184F8640000BF94F828
:106770006410B4F84800A28CF0A3CDE90020029187
:106780004FF42B72AFF28C51002006F075FB00BF66
:1067900000BF06E100BFA878697840EA0120E084E4
:1067A0002879E97840EA0120A4F84A0068790011C4
:1067B00084F8650000BF94F86510B4F84A00E28CD4
:1067C000E2A3CDE90020029140F2AF22AFF2D45112
:1067D000002006F051FB00BF00BFE2E000BFA87838
:1067E000697840EA012020852879E97840EA01208B
:1067F000A4F84C006879001184F8660000BF94F892
:106800006610B4F84C00228DD4A3CDE9002002918B
:1068100040F2B222AFF21C61002006F02DFB00BF57
:1068200000BFBEE000BFA878697840EA012060851B
:106830002879E97840EA0120A4F84E00687900112F
:1068400084F8670000BF94F86710B4F84E00628DBA
:10685000C5A3CDE90020029140F2B522AFF26461F8
:10686000002006F009FB00BF00BF9AE000BFA87837
:10687000697840EA0120A0852879E97840EA01207A
:10688000A4F850006879001184F8680000BF94F8FB
:106890006800B4F85010A28DB6A3CDE90021029093
:1068A0004FF42E72AFF2AC61002006F0E5FA00BFA3
:1068B00000BF76E000BFA878697840EA0120E08553
:1068C0002879E97840EA0120A4F85200687900119B
:1068D00084F8690000BF94F86900B4F85210E28DA2
:1068E000A7A3CDE90021029040F2BB22AFF2F461F0
:1068F000002006F0C1FA00BF00BF52E000BFA87838
:10690000697840EA0120A0812879E97840EA0120ED
:1069100020866879001184F8580000BF94F8580068
:10692000218EA28998A3CDE90021029040F2BE22D7
:10693000AFF23871002006F09FFA00BF00BF30E0D0
:1069400000BFA878697840EA0120E0812879E978D9
:1069500040EA012060866879001184F8590000BF80
:1069600094F85900618EE2898AA3CDE90021029052
:1069700040F2C122AFF27C71002006F07DFA00BF28
:1069800000BF0EE0A87886F844000AE000BF2B782C
:1069900040F2C722AFF6B451002006F06DFA00BFF6
:1069A00000BF00BFFEBD2DE9F04105460C4616466E
:1069B000A84600270120A8F822002078602807DBDD
:1069C0002078632804DC764A31462046FFF78EFAA9
:1069D0002078302807DB2078372804DC704A3146DD
:1069E0002046FFF710FB2078212807DB2078282895
:1069F00004DC6B4A31462046FFF7B2FB20780D28B5
:106A000007DB2078202804DC654A31462046FFF762
:106A1000CAFC3846BDE8F08110B5044604F1080010
:106A200003F0FEFD10BD2DE9F84F81460C461746D8
:106A300000264D46B0460020009082468346781ED0
:106A400014F800A0B81EC1B2A01CFEF77BFC834660
:106A5000DA452CD12078296881F88B0028680068F5
:106A600090F81E14286880F88D10E178286880F866
:106A70008E102179286880F88F1000BF13E04948F4
:106A800030F83810286890F88F00814209D1F81F3B
:106A900082B2444800EBC800A11D436828469847CD
:106AA000009008F10108B8F1080FE8D390E03E48E3
:106AB0000068401C3C49086000BF00BF00260BE096
:106AC000F11706EB11710911A6EB011109B900BF0D
:106AD00000BF00BF00BF761CBE42F1DB00BF00BF9D
:106AE00031480068032873DD00202F490860002129
:106AF0002E484278001D50F8220041842B494A78E4
:106B0000091D51F82200FFF787FF00202749487030
:106B1000002126484278001D50F822004184234875
:106B20004278001D50F8220042E051E031325632E6
:106B300038565F484A4A433100000000313256322D
:106B400038565F484A4A433200000000313256321C
:106B500038565F484A4A4333000000003132565FDE
:106B60004753444A310000003132565F4753444A8C
:106B7000320000003132565F584748544D00000043
:106B80003238565F4B46000048414C4C5F475344F7
:106B90004A31000048414C4C5F4753444A320000A0
:106BA000F01E0020E4150020801700202022002085
:106BB00080F828104FF40072FB49A1F1100003F097
:106BC000DBFD4FF40072F949A1F1100003F0D4FD90
:106BD0000098BDE8F88F70B5C2B0044600260025C5
:106BE0000020419040904FF48071684606F02BFCE5
:106BF00021680968081D07F089FF022863D321680E
:106C00000968081D002241A903F011FE06469DF8FF
:106C1000040108282BD121680968081D012240A918
:106C200003F005FE0646012E4DD19DF80051216866
:106C30000968081D07F06AFFA84244D32168096863
:106C4000081D2A46694603F0D7FD0646AE4205D028
:106C500000BFD7A1002006F00FF934E0AAB22068E7
:106C60006946D0F814312046984706462BE0D748AD
:106C70000068401CD54908601AE021680968081DB1
:106C800041A903F0A5FD9DF80401082806D121685B
:106C90000968081D9DF8041103F075FD00BFCB487D
:106CA0009DF80421CAA10368002006F0E5F800BFA2
:106CB0009DF80401082806D021680968081D07F01E
:106CC00025FF0028D9D1304642B070BD2DE9F041F2
:106CD00004460D4616461F46206800680068C549F0
:106CE000884202D163212068C17120680068006871
:106CF000C149884202D164212068C17120680571B0
:106D0000082120684171F021206801721421206857
:106D100041720321206881722068C672206807735F
:106D20000921206881712068FEF72BFBBDE8F08106
:106D30002DE9F04104460D4616461F4620680068BE
:106D40000068AC49884202D163212068C171206883
:106D500000680068A849884202D164212068C17196
:106D600020680571082120684171F02120680172B6
:106D70001521206841720321206881722068C67243
:106D8000206807730921206881712068FEF7F9FAED
:106D9000BDE8F08170B504460D46164620680068CF
:106DA00000689449884202D163212068C17120683B
:106DB000006800689049884202D164212068C1714E
:106DC00020680571082120684171F0212068017256
:106DD0001621206841720321206881722068C672E2
:106DE0000821206881712068FEF7CBFA70BD2DE97B
:106DF000F04104460E4617461D46206800680068AC
:106E00007C49884202D163212068C17120680068F2
:106E100000687949884202D164212068C1712068E4
:106E20000671082120684171F02120680172172144
:106E300020684172032120688172216801F10B00F2
:106E40002A46394606F090FAE81DC1B220688171E1
:106E50002068FEF796FABDE8F08170B504460D464D
:106E60002068006800686349884202D16321206875
:106E7000C1712068006800685F49884202D16421BE
:106E80002068C17120680571082120684171F021D6
:106E900020680172182120684172032120688172E4
:106EA0000721206881712068FEF76BFA70BD70B50C
:106EB00004460D462068006800684E49884202D1A9
:106EC00063212068C1712068006800684A498842CF
:106ED00002D164212068C1712068057108212068F1
:106EE0004171F0212068017219212068417203214B
:106EF000206881720721206881712068FEF741FABD
:106F000070BD70B504460D461646206800680068DE
:106F10003849884202D163212068C1712068006825
:106F200000683549884202D164212068C171206817
:106F30000571082120684171F0212068017220212B
:106F4000206841720621206881712068FEF719FAD5
:106F500070BD70B504460D4616462068006800688E
:106F60002449884202D163212068C17120680068E9
:106F700000682149884202D164212068C1712068DB
:106F80000571082120684171F021206801722D21CE
:106F9000206841722068867207212068817120680C
:106FA000FEF7EFF970BD0000A4000020C40400202B
:106FB000526561642072696E6720627566666572EB
:106FC000206661696C200D0A000000002416002074
:106FD00065727220646174612074656D703D2578FE
:106FE0002C20657272646174614E756D3D2564205C
:106FF0000D0A0000005400400058004002460846B8
:107000000223438470471CB50446AFF20F00CDE95C
:107010000004218C0A46002304F1080003F0ECFA76
:107020001CBD70B50546002600246978281D50F85F
:107030002100006800680068FA49884205D1697833
:10704000281D50F8210090F824606978281D50F818
:107050002100006800680068F349884205D169781A
:10706000281D50F8210090F825606978281D50F8F7
:107070002140EE48046094F8280010B9608C00B9F3
:1070800061E0608C30B1012805D0022804D00428CA
:107090004FD143E08DE000BF00BF608C012801D1DB
:1070A000E3A000E0E3A003464FF4A162E3A10020C7
:1070B00005F0E2FE00BF2046FFF7AEFC0020608432
:1070C0000120FDF775FE94F8280094F827108842F7
:1070D00000DA38E0002084F8280000BF6B7840F226
:1070E0001E52DEA105F0C8FE00BF6978A878401ED8
:1070F000814210DA6878401C6870A878697800EBE3
:10710000D072B1EB620F05D104216A78281D50F8C6
:10711000220041844DE0042060844AE00020608425
:1071200068707D202870D8480068401CD6490860E7
:107130003FE000BF638C40F23B52D4A1002005F039
:107140009BFE00BF35E02046FFF75DFF94F8281056
:1071500004F12900405C092814DB94F8281004F19C
:107160002900405C0C280DDC14F8281F2078401CF6
:1071700004F8280904F12900425C31462046FFF753
:1071800009FE0CE014F8281F2078401C04F8280998
:1071900004F12900425C31462046FFF7DAFE94F8FC
:1071A000280094F82710884202DD002084F8280087
:1071B00000BF94F8220070BD70B50B461446002144
:1071C0000022B0F90260B0F91650AE4202DAB0F90E
:1071D000025001E0B0F916502A46B0F930509542FD
:1071E00001DD154601E0B0F930502A46B0F94E50A5
:1071F000954201DD154601E0B0F94E502A46B0F93E
:10720000B250954201DD154601E0B0F9B2502A4670
:10721000B0F90260B0F91650AE4202DDB0F902508A
:1072200001E0B0F916502946B0F930508D4201DA2C
:107230000D4601E0B0F930502946B0F94E508D426C
:1072400001DA0D4601E0B0F94E502946B0F9B250CE
:107250008D4201DA0D4601E0B0F9B250294619809D
:10726000228070BDFEB5002002900190002500270D
:1072700000260A268D48006800680068694988422F
:1072800002D18A4890F82470884800680068006835
:107290006549884202D1854890F8257001AA02A963
:1072A0008348FFF789FFBDF90800B0F5FA5F02DBFC
:1072B000BDF9085015E0BDF8040048B1BDF908104B
:1072C000BDF90420881800EBD07149100DB208E018
:1072D000BDF9080000EB80000001642190FBF1F093
:1072E00005B2002463E0B01EA0423FDB714830F9D4
:1072F0002400A8425ADC6F49601C31F92000A842E2
:1073000054DD601C01EB800080786B49097888426D
:107310004CD06849601C01EB800080786649087099
:107320006449601C01EB80008378082239465F487D
:10733000FFF7FEFC00BF5F4830F92400234640F20F
:10734000B1525EA10090002005F096FD00BF00BF85
:107350005849601C01EB800080782B4640F2B25205
:1073600061A10090002005F087FD1FE0514830F931
:107370002400A8421ADC1521674880F82B104D48DC
:1073800000EB84008378082239464848FFF7D0FC98
:1073900000BF484800EB840080782B4640F2C5527D
:1073A00051A10090002005F067FD00BF641CB442AD
:1073B00099DBFEBD70B50546002600246978281DBE
:1073C00050F8214019480460206800680068154999
:1073D000884201D194F8246020680068006812494E
:1073E000884201D194F82560608C30B1012815D015
:1073F000022814D0052813D190E0687808B900BF9E
:1074000000BF2046FFF7FFFD31462046FFF74FFD46
:1074100005206084002084F82800C0E07FE07FE041
:10742000B2E000000054004000580040481700201F
:107430004F4B000054494D454F5554004C696E6503
:107440002564203A20636D6420726573706F6E73DB
:1074500065202573202121210D0A00004C696E65ED
:107460002564203A2073656E736F725B25645D201E
:107470007265717565737420636F6D706C6574658A
:1074800064202121210D0A009C1500204C696E65A5
:107490002564203A20696E76616C696420535441FA
:1074A0005455535B253034785D0D0A0000170020D9
:1074B000F01E002050170020841700204C696E65D4
:1074C00025643A204C6973745B25645D20546872AE
:1074D0006573686F6C642074656D70726574757225
:1074E000655B25645D0D0A004C696E6525643A2074
:1074F00054656D707265747572655B25645D2053AB
:10750000657474696E672066616E20647574795B5A
:1075100025645D0D0A000000BC1F00203FE000BF95
:1075200000BF608C012802D1AFF2FC0001E0AFF295
:10753000FC00034640F21162AFF20011002005F09A
:107540009BFC00BF2046FFF767FA00206084697843
:10755000A878401E814203DA6878401C687012E007
:1075600000209649087068707C20287094488088B4
:107570009349C88000BF00BF002088809148006800
:10758000401C904908600AE000BF638C40F2296209
:10759000AFF20811002005F06FFC00BF00BF00BF74
:1075A00094F8220070BD1CB58748884940F6B8326F
:1075B0000023CDE9001003F01FF81CBD70B5044690
:1075C0000D468348007810B97D20814908708148B4
:1075D00000F00DFAFFF7E7FF70BD7F487F490860B4
:1075E0007F4880490860AFF6C1307C49C1F814017A
:1075F0007C49C1F814017C49754842784078401CA8
:10760000734B5870181D40F822107849001F4278BB
:107610004078401C5870181D40F822107449001F13
:1076200042784078401C5870181D40F8221071496B
:10763000001F42784078401C5870181D40F82210F6
:10764000001F407819468870002048707C20087020
:1076500008464178001D50F82100674908606248DB
:1076600066490860704764490860704710B5002497
:107670006348006800287DD1554800787C2853D1A4
:1076800060480068002843D1002151484278001D1D
:1076900050F8220041844E484278001D50F82200E4
:1076A00080F828104A494A78091D51F82200FFF74E
:1076B000B3F95548006801280DD1002044494870AD
:1076C00051490860002142484278001D50F82200CC
:1076D00080F828100DE04D49097801F0010109B149
:1076E000002104E03A49887800EBD0714910384A0B
:1076F0005170002136484278001D50F82200418424
:1077000001204049086041480068401C3F4908602A
:107710003F480068401C3E4908603E48006818B970
:107720002B48FFF77EFC0446294800787D282CD1A1
:107730003448006801281AD1002125484278001DEC
:1077400050F82200418422494A78091D51F822004C
:10775000FFF762F900201E49487000211C4842785A
:10776000001D50F8220041840020264908602A4864
:10777000006800E009E0401C2749086025480068CF
:1077800018B91348FFF716FE04461B480068FFF7B8
:1077900022FA194800681449884203D01748006843
:1077A000FFF719FA10BD012017490860002015499C
:1077B00008607C2006490870704700007817002098
:1077C000C01D0020A015002038220020BD75000833
:1077D00020220020B81D002090000020F01F002073
:1077E000B0040020082100200017002028160020E7
:1077F000B816002070160020481700204C170020F3
:10780000C01500207C170020D81500208817002004
:1078100098150020BC1500209415002008B5002004
:1078200000906021FE48FAF717F901280FD1602176
:10783000FB48FAF72BF9FA48FAF7B6F8C0B200900D
:10784000F8494968081D9DF8001002F09CFF71215D
:10785000F348FAF701F9012840D17121F048FAF70D
:1078600015F9F0484068B0F81806EE494968B1F8D3
:107870001A16884215DAEB484068B0F81826E9482D
:107880004068B0F81806401CE64B5B68A3F8180681
:10789000E448406800F50570815CE148FAF787F834
:1078A0001CE0E04A5268B2F81A16DE4A526802F545
:1078B000057005F0C8FD0020DA494968A1F81806EE
:1078C000D8494968A1F81A0600227121D448FAF76C
:1078D00095F801226021D248FAF790F808BD2DE909
:1078E000F04106460C460025002700226021CC48C6
:1078F000FAF784F87088401F87B27088411C04F53D
:10790000057005F0A0FD327829466D1C04F5057060
:1079100042547088020A29466D1C04F505704254D1
:10792000B27829466D1C4254327929466D1C425466
:10793000307922280ED1BC480068401CBA49086042
:1079400000BFBA4803680846B9490268002005F03C
:1079500093FA00BF002F08DD04F5057148193A4677
:10796000711D05F001FDE81985B2E81EC1B204F2EF
:107970001720FDF7F7FC29466A1C95B204F505723D
:107980005054681CA4F81A060020A4F81806002118
:107990002068FAF70CF80A20FDF7C2F901227121DC
:1079A0002068FAF72BF800BFA2A1002005F064FAC6
:1079B00000BF00BF681E04F505710B5CB4F81A2601
:1079C000A7A1002005F058FA00BF0020BDE8F08113
:1079D00070B504460E461546A288216888182A46C6
:1079E000314605F0C1FCA0882844A08070BD2DE977
:1079F000F04704464FF0000A00250027A846A94694
:107A000000264FF40071206805F0FBFC72B69D4D16
:107A100000BF0921A288501CA0802068815495F8DD
:107A20005410A288501CA080206881540021A28894
:107A3000501CA08020688154A288501CA08020681F
:107A400081546888010AA288501CA0802068815453
:107A5000A978A288501CA0802068815400BF00BF74
:107A60000A21A288501CA0802068815495F85510E6
:107A7000A288501CA080206881540021A288501C3C
:107A8000A08020688154A288501CA0802068815466
:107A9000A888010AA288501CA080206881542979F6
:107AA000A288501CA0802068815400BF00BF0B2119
:107AB000A288501CA0802068815495F85610A28896
:107AC000501CA080206881540021A288501CA080F6
:107AD00020688154A288501CA08020688154E888C6
:107AE000010AA288501CA08020688154A979A2882C
:107AF000501CA0802068815400BF00BF0C21A288C8
:107B0000501CA0802068815495F85710A288501C02
:107B1000A080206881540021A288501CA080206889
:107B20008154A288501CA080206881542889010AB1
:107B3000A288501CA08020688154297AA288501CF9
:107B4000A0802068815400BF0D21A288501CA08015
:107B5000206881540121A288501CA0802068815493
:107B60000021A288501CA08020688154A288501C4B
:107B7000A08020688154A5F14400B0F84E00C0F305
:107B80000721A288501CA08020688154A5F14400E0
:107B900090F84E10A288501CA0802068815400BF2D
:107BA0000E21A288501CA0802068815495F85A109C
:107BB000A288501CA08020688154288A010AA288CB
:107BC000501CA08020688154297CA288501CA08071
:107BD00020688154A88E010AA288501CA0802068C9
:107BE000815495F83410A288501CA08020688154DC
:107BF00000BF00BF0F21A288501CA08020688154C4
:107C000095F85B10A288501CA08020688154688A77
:107C1000010AA288501CA08020688154A97C33E00E
:107C20000030014050220020C81D0020CC1D002043
:107C300020F200083D3D3D3D3D3D3D3D3D3D3D3D4E
:107C40003D3D3D3D3D3D3D3D3D3D3D3D3D3D3D3D64
:107C50003D3D3D3D3D3D3D3D3D3D0D0A00000000AB
:107C6000535049207478636F756E745B25645D2092
:107C7000636865636B73756D5B253032785D0D0AE3
:107C800000000000341F0020A288501CA080206843
:107C90008154E88E010AA288501CA080206881547B
:107CA00095F83610A288501CA0802068815400BF2F
:107CB00000BF1021A288501CA0802068815495F834
:107CC0005C10A288501CA08020688154A88A010AF8
:107CD000A288501CA08020688154297DA288501C55
:107CE000A08020688154288F010AA288501CA0809F
:107CF0002068815495F83810A288501CA080206814
:107D0000815400BF00BF1121A288501CA0802068B0
:107D1000815495F85D10A288501CA0802068815481
:107D2000E88A010AA288501CA08020688154A97D9D
:107D3000A288501CA08020688154688F010AA28804
:107D4000501CA0802068815495F83A10A288501CDD
:107D5000A0802068815400BF00BF1221A288501C5F
:107D6000A0802068815495F85E10A288501CA080E5
:107D700020688154288B010AA288501CA0802068AA
:107D80008154297EA288501CA08020688154A88F2D
:107D9000010AA288501CA0802068815495F83C10EC
:107DA000A288501CA0802068815400BF00BF13210E
:107DB000A288501CA0802068815495F85F10A2888A
:107DC000501CA08020688154688B010AA288501C36
:107DD000A08020688154A97EA288501CA0802068C1
:107DE0008154E88F010AA288501CA0802068815429
:107DF00095F83E10A288501CA0802068815400BFD6
:107E000000BF1421A288501CA0802068815495F8DE
:107E10006010A288501CA08020688154A88B010AA1
:107E2000A288501CA08020688154297FA288501C01
:107E3000A08020688154B5F84000010AA288501C37
:107E4000A0802068815495F84010A288501CA08022
:107E50002068815400BF00BF1521A288501CA0805B
:107E60002068815495F86110A288501CA080206879
:107E70008154E88B010AA288501CA080206881549C
:107E8000A97FA288501CA08020688154B5F84200C8
:107E9000010AA288501CA0802068815495F84210E5
:107EA000A288501CA0802068815400BF00BF16210A
:107EB000A288501CA0802068815495F86210A28886
:107EC000501CA08020688154288C010AA288501C74
:107ED000A0802068815495F82010A288501CA080B2
:107EE00020688154B5F84400010AA288501CA08083
:107EF0002068815495F84410A288501CA080206806
:107F0000815400BF00BF1721A288501CA0802068A8
:107F1000815495F86310A288501CA0802068815479
:107F2000688C010AA288501CA0802068815495F8B2
:107F30002210A288501CA08020688154B5F8460009
:107F4000010AA288501CA0802068815495F8461030
:107F5000A288501CA0802068815400BF00BF182157
:107F6000A288501CA0802068815495F86410A288D3
:107F7000501CA08020688154A88C010AA288501C43
:107F8000A0802068815495F82410A288501CA080FD
:107F900020688154B5F84800010AA288501CA080CE
:107FA0002068815495F84810A288501CA080206851
:107FB000815400BF00BF1921A288501CA0802068F6
:107FC000815495F86510A288501CA08020688154C7
:107FD000E88C010AA288501CA0802068815495F882
:107FE0002610A288501CA08020688154B5F84A0051
:107FF000010AA288501CA0802068815495F84A107C
:10800000A288501CA0802068815400BF00BF1A21A4
:10801000A288501CA0802068815495F86610A28820
:10802000501CA08020688154288D010AA288501C11
:10803000A0802068815495F82810A288501CA08048
:1080400020688154B5F84C00010AA288501CA08019
:108050002068815495F84C10A288501CA08020689C
:10806000815400BF00BF1B21A288501CA080206843
:10807000815495F86710A288501CA0802068815414
:10808000688D010AA288501CA0802068815495F850
:108090002A10A288501CA08020688154B5F84E0098
:1080A000010AA288501CA0802068815495F84E10C7
:1080B000A288501CA0802068815400BF00BF1C21F2
:1080C000A288501CA0802068815495F86810A2886E
:1080D000501CA08020688154A88D010AA288501CE1
:1080E000A0802068815495F82C10A288501CA08094
:1080F00020688154B5F85000010AA288501CA08065
:108100002068815495F85010A288501CA0802068E7
:10811000815400BF00BF1D21A288501CA080206890
:10812000815495F86910A288501CA0802068815461
:10813000E88D010AA288501CA0802068815495F81F
:108140002E10A288501CA08020688154B5F85200DF
:10815000010AA288501CA0802068815495F8521012
:10816000A288501CA0802068815400BF00BF1E213F
:10817000A288501CA0802068815495F85810A288CD
:10818000501CA08020688154A889010AA288501C34
:10819000A08020688154297BA288501CA080206880
:1081A0008154288E010AA288501CA0802068815426
:1081B00095F83010A288501CA0802068815400BF20
:1081C00000BF1F21A288501CA0802068815495F810
:1081D0005910A288501CA08020688154E889010AA7
:1081E000A288501CA08020688154A97BA288501CC2
:1081F000A08020688154688E010AA288501CA0804B
:108200002068815495F83210A288501CA080206804
:10821000815400BFA5F116072121A288501CA0801F
:10822000206881540121A288501CA08020688154BC
:108230000021A288501CA08020688154A288501C74
:10824000A08020688154A5F14400008EC0F307216E
:10825000A288501CA08020688154A5F1440090F8A9
:108260003010A288501CA0802068815400BF2221B9
:10827000A288501CA08020688154B88808B10121D0
:1082800000E00021A288501CA08020688154B8889A
:10829000010AA288501CA080206881543979A288E4
:1082A000501CA080206881540021A288501CA0800E
:1082B00020688154A288501CA0802068815400BF8F
:1082C00000BF2321A288501CA08020688154F88818
:1082D00008B1012100E00021A288501CA080206884
:1082E0008154F888010AA288501CA080206881541B
:1082F000B979A288501CA080206881540021A288EE
:10830000501CA08020688154A288501CA080206846
:10831000815400BF00BF2421A288501CA080206887
:108320008154388908B1012100E00021A288501C45
:10833000A080206881543889010AA288501CA0803E
:1083400020688154397AA288501CA080206881540A
:108350000021A288501CA08020688154A288501C53
:10836000A0802068815400BF00BF2521A288501C36
:10837000A08020688154788908B1012100E00021A3
:10838000A288501CA080206881547889010AA288A4
:10839000501CA08020688154B97AA288501CA0800B
:1083A000206881540021A288501CA080206881543C
:1083B000A288501CA0802068815400BF00BF2621E5
:1083C000A288501CA08020688154B88908B101217E
:1083D00000E00021A288501CA08020688154B88948
:1083E000010AA288501CA08020688154397BA28891
:1083F000501CA080206881540021A288501CA080BD
:1084000020688154A288501CA0802068815400BF3D
:108410002721A288501CA080206881540121A288B5
:10842000501CA080206881540021A288501CA0808C
:1084300020688154A288501CA08020688154FA488A
:10844000808F010AA288501CA08020688154F648C1
:1084500090F83C10A288501CA08020688154DFF85E
:10846000C88308F114083021A288501CA08020681D
:1084700081540121A288501CA080206881540021D1
:10848000A288501CA08020688154A288501CA08023
:1084900020688154E448C08AC0F30721A288501C98
:1084A000A08020688154E048817DA288501CA08073
:1084B0002068815400BF3121A288501CA080206810
:1084C0008154B8F8040008B1012100E00021A2881D
:1084D000501CA08020688154B8F80400010AA288CA
:1084E000501CA0802068815498F80410A288501C69
:1084F000A080206881540021A288501CA0802068A0
:108500008154A288501CA0802068815400BF322171
:10851000A288501CA08020688154C348408B08B1B9
:10852000012100E00021A288501CA0802068815415
:10853000BD48408B010AA288501CA080206881544D
:10854000B948817EA288501CA080206881540021F7
:10855000A288501CA08020688154A288501CA08052
:108560002068815400BF3321A288501CA08020685D
:108570008154B8F8080008B1012100E00021A28868
:10858000501CA08020688154B8F80800010AA28815
:10859000501CA0802068815498F80810A288501CB4
:1085A000A080206881540021A288501CA0802068EF
:1085B0008154A288501CA0802068815400BF00BF55
:1085C0003421A288501CA08020688154B8F80A0089
:1085D00008B1012100E00021A288501CA080206881
:1085E0008154B8F80A00010AA288501CA0802068B3
:1085F000815498F80A10A288501CA08020688154E9
:108600000021A288501CA08020688154A288501CA0
:10861000A0802068815400BF00BF3621A288501C72
:10862000A08020688154B8F80E0008B1012100E054
:108630000021A288501CA08020688154B8F80E0048
:10864000010AA288501CA0802068815498F80E105E
:10865000A288501CA080206881540021A288501C50
:10866000A08020688154A288501CA080206881547A
:1086700000BF3721A288501CA080206881540121AE
:10868000A288501CA080206881540021A288501C20
:10869000A08020688154A288501CA080206881544A
:1086A0006148808C010AA288501CA08020688154F7
:1086B0005D4890F82410A288501CA0802068815446
:1086C000594EB0365021A288501CA0802068815499
:1086D0000121A288501CA080206881540021A2881A
:1086E000501CA08020688154A288501CA080206863
:1086F00081544D48B0F8B200C0F30721A288501C45
:10870000A08020688154484890F8B210A288501C7C
:10871000A0802068815400BF5121A288501CA080F5
:1087200020688154B08808B1012100E00021A288AE
:10873000501CA08020688154B088010AA288501C77
:10874000A080206881543179A288501CA0802068C4
:1087500081540021A288501CA08020688154A288E6
:10876000501CA0802068815400BF00BF5221A28805
:10877000501CA08020688154F08808B1012100E0DD
:108780000021A288501CA08020688154F088010A32
:10879000A288501CA08020688154B179A288501C06
:1087A000A080206881540021A288501CA0802068ED
:1087B0008154A288501CA0802068815400BF00BF53
:1087C0005321A288501CA08020688154308908B1B0
:1087D000012100E00021A288501CA0802068815463
:1087E0003089010AA288501CA08020688154317A07
:1087F000A288501CA080206881540021A288501CAF
:10880000A08020688154A288501CA08020688154D8
:1088100000BF00BF5421A288501CA0802068815452
:10882000708918B1012102E0F01E00200021A28809
:10883000501CA080206881547089010AA288501CB5
:10884000A08020688154B17AA288501CA080206842
:1088500081540021A288501CA08020688154A288E5
:10886000501CA0802068815400BF00BF5521A28801
:10887000501CA08020688154B08908B1012100E01B
:108880000021A288501CA08020688154B089010A70
:10889000A288501CA08020688154317BA288501C83
:1088A000A080206881540021A288501CA0802068EC
:1088B0008154A288501CA0802068815400BF00BF52
:1088C0005621A288501CA08020688154F08908B1EC
:1088D000012100E00021A288501CA0802068815462
:1088E000F089010AA288501CA08020688154B17BC5
:1088F000A288501CA080206881540021A288501CAE
:10890000A08020688154A288501CA08020688154D7
:1089100000BF5721A288501CA080206881540121EB
:10892000A288501CA080206881540021A288501C7D
:10893000A08020688154A288501CA08020688154A7
:10894000FE48B0F8C000010AA288501CA080206830
:108950008154FA4890F8C010A288501CA08020686A
:108960008154DFF8D8936021A288501CA080206831
:1089700081540121A288501CA080206881540021CC
:10898000A288501CA08020688154A288501CA0801E
:108990002068815448464088C0F30721A288501CB3
:1089A000A0802068815448468178A288501CA0800D
:1089B0002068815400BF6121A288501CA0802068DB
:1089C00081540121A288501CA08020688154B9F8EC
:1089D0000400010AA288501CA0802068815499F8E4
:1089E0000410A288501CA08020688154B9F80A00A5
:1089F000010AA288501CA0802068815499F80A10AE
:108A0000A288501CA0802068815400BF00BF622152
:108A1000A288501CA080206881540121A288501C8B
:108A2000A08020688154B9F80600010AA288501C71
:108A3000A0802068815499F80610A288501CA0805C
:108A400020688154B9F80C00010AA288501CA0804B
:108A50002068815499F80C10A288501CA0802068CE
:108A6000815400BF00BF6321A288501CA0802068F1
:108A700081540121A288501CA08020688154B9F83B
:108A80000800010AA288501CA0802068815499F82F
:108A90000810A288501CA08020688154B9F80E00EC
:108AA000010AA288501CA0802068815499F80E10F9
:108AB000A288501CA0802068815400BF62B6A088A4
:108AC000E080BDE8F0872DE9F74F82B083460020B3
:108AD00001900025CDF800B0DDF800B00BF10804DE
:108AE0000026804681468246002795480068401C43
:108AF00093490860AA202070112020710498002852
:108B000040F0498672B68D4E443600BF0922284691
:108B10006D1C611D0A5496F8542028466D1C0A5499
:108B2000002228466D1C0A5428466D1C0A54708881
:108B3000020A28466D1C0A54B27828466D1C0A5455
:108B400000BF00BF0A2228466D1C0A5496F8552023
:108B500028466D1C0A54002228466D1C0A542846DB
:108B60006D1C0A54B088020A28466D1C0A543279DA
:108B700028466D1C0A5400BF00BF0B2228466D1CFE
:108B80000A5496F8562028466D1C0A54002228469E
:108B90006D1C0A5428466D1C0A54F088020A2846A7
:108BA0006D1C0A54B27928466D1C0A5400BF00BFE0
:108BB0000C2228466D1C0A5496F8572028466D1C36
:108BC0000A54002228466D1C0A5428466D1C0A547B
:108BD0003089020A28466D1C0A54327A28466D1CD8
:108BE0000A5400BF0D2228466D1C0A540122284653
:108BF0006D1C0A54002228466D1C0A5428466D1C20
:108C00000A544E48B0F84E00C0F3072228466D1CA7
:108C10000A544A4890F84E2028466D1C0A5400BF5A
:108C20000E2228466D1C0A5496F85A2028466D1CC0
:108C30000A54308A020A28466D1C0A54327C28469F
:108C40006D1C0A54B08E020A28466D1C0A5496F810
:108C5000342028466D1C0A5400BF00BF0F2228464E
:108C60006D1C0A5496F85B2028466D1C0A54708AC5
:108C7000020A28466D1C0A54B27C28466D1C0A5410
:108C8000F08E020A28466D1C0A5496F836202846B3
:108C90006D1C0A5400BF00BF102228466D1C0A54E8
:108CA00096F85C2028466D1C0A54B08A020A2846B1
:108CB0006D1C0A54327D28466D1C0A54308F020AFE
:108CC00028466D1C0A5496F8382028466D1C0A5414
:108CD00000BF00BF112228466D1C0A5496F85D2083
:108CE00028466D1C0A54F08A020A28466D1C0A5454
:108CF000B27D28466D1C0A54708F020A28466D1CEE
:108D00000A5496F83A2028466D1C0A5400BF00BF4A
:108D1000122228466D1C0A5496F85E2028466D1CC7
:108D20000A54308B020A28466D1C0A54327E2846AB
:108D30006D1C0A54B08F020A284603E0F01E002082
:108D4000D41D00206D1C0A5496F83C2028466D1C4A
:108D50000A5400BF00BF132228466D1C0A5496F81F
:108D60005F2028466D1C0A54708B020A28466D1C31
:108D70000A54B27E28466D1C0A54F08F020A284617
:108D80006D1C0A5496F83E2028466D1C0A5400BFFC
:108D900000BF142228466D1C0A5496F8602028460D
:108DA0006D1C0A54B08B020A28466D1C0A54327F8F
:108DB00028466D1C0A54B6F84000020A28466D1C6D
:108DC0000A5496F8402028466D1C0A5400BF00BF84
:108DD000152228466D1C0A5496F8612028466D1C01
:108DE0000A54F08B020A28466D1C0A54B27F2846AA
:108DF0006D1C0A54B6F84200020A28466D1C0A543B
:108E000096F8422028466D1C0A5400BF00BF162267
:108E100028466D1C0A5496F8622028466D1C0A5498
:108E2000308C020A28466D1C0A5496F820202846E9
:108E30006D1C0A54B6F84400020A28466D1C0A54F8
:108E400096F8442028466D1C0A5400BF00BF172224
:108E500028466D1C0A5496F8632028466D1C0A5457
:108E6000708C020A28466D1C0A5496F82220284667
:108E70006D1C0A54B6F84600020A28466D1C0A54B6
:108E800096F8462028466D1C0A5400BF00BF1822E1
:108E900028466D1C0A5496F8642028466D1C0A5416
:108EA000B08C020A28466D1C0A5496F824202846E5
:108EB0006D1C0A54B6F84800020A28466D1C0A5474
:108EC00096F8482028466D1C0A5400BF00BF19229E
:108ED00028466D1C0A5496F8652028466D1C0A54D5
:108EE000F08C020A28466D1C0A5496F82620284663
:108EF0006D1C0A54B6F84A00020A28466D1C0A5432
:108F000096F84A2028466D1C0A5400BF00BF1A225A
:108F100028466D1C0A5496F8662028466D1C0A5493
:108F2000308D020A28466D1C0A5496F828202846DF
:108F30006D1C0A54B6F84C00020A28466D1C0A54EF
:108F400096F84C2028466D1C0A5400BF00BF1B2217
:108F500028466D1C0A5496F8672028466D1C0A5452
:108F6000708D020A28466D1C0A5496F82A2028465D
:108F70006D1C0A54B6F84E00020A28466D1C0A54AD
:108F800096F84E2028466D1C0A5400BF00BF1C22D4
:108F900028466D1C0A5496F8682028466D1C0A5411
:108FA000B08D020A28466D1C0A5496F82C202846DB
:108FB0006D1C0A54B6F85000020A28466D1C0A546B
:108FC00096F8502028466D1C0A5400BF00BF1D2291
:108FD00028466D1C0A5496F8692028466D1C0A54D0
:108FE000F08D020A28466D1C0A5496F82E20284659
:108FF0006D1C0A54B6F85200020A28466D1C0A5429
:1090000096F8522028466D1C0A5400BF00BF1E224D
:1090100028466D1C0A5496F8582028466D1C0A54A0
:10902000B089020A28466D1C0A54327B28466D1C02
:109030000A54308E020A28466D1C0A5496F83020D5
:1090400028466D1C0A5400BF00BF1F2228466D1C15
:109050000A5496F8592028466D1C0A54F089020AD1
:1090600028466D1C0A54B27B28466D1C0A54708E2B
:10907000020A28466D1C0A5496F8322028466D1CB8
:109080000A5400BF202228466D1C0A54012228469B
:109090006D1C0A54002228466D1C0A54A6F1440097
:1090A00090F8440029466D1C621D50540022284649
:1090B0006D1C611D0A5428466D1C0A54A6F1160841
:1090C000212228466D1C0A54A6F14400008E08B1E6
:1090D000012200E0002228466D1C611D0A54002276
:1090E00028466D1C0A5428466D1C0A54FE48008E02
:1090F000C0F3072228466D1C0A54FB4890F8302024
:1091000028466D1C0A5400BF222228466D1C0A54B2
:10911000B8F8040008B1012200E0002228466D1CC6
:10912000611D0A54B8F80400020A28466D1C0A544E
:1091300098F8042028466D1C0A54002228466D1C0D
:109140000A5428466D1C0A5400BF00BF232228463B
:109150006D1C0A54B8F8060008B1012200E0002294
:1091600028466D1C611D0A54B8F80600020A2846FC
:109170006D1C0A5498F8062028466D1C0A540022DB
:1091800028466D1C0A5428466D1C0A5400BF00BFB7
:10919000242228466D1C0A54B8F8080008B10122A0
:1091A00000E0002228466D1C611D0A54B8F8080032
:1091B000020A28466D1C0A5498F8082028466D1C9F
:1091C0000A54002228466D1C0A5428466D1C0A5475
:1091D00000BF00BF252228466D1C0A54B8F80A00BB
:1091E00008B1012200E0002228466D1C611D0A54CE
:1091F000B8F80A00020A28466D1C0A5498F80A209A
:1092000028466D1C0A54002228466D1C0A54284624
:109210006D1C0A5400BF00BF262228466D1C0A544C
:10922000B8F80C0008B1012200E0002228466D1CAD
:10923000611D0A54B8F80C00020A28466D1C0A5435
:1092400098F80C2028466D1C0A54002228466D1CF4
:109250000A5428466D1C0A5400BF272228466D1C5C
:109260000A54012228466D1C0A54002228466D1C0F
:109270000A5428466D1C0A549B48808F020A2846CF
:109280006D1C0A54984890F83C2028466D1C0A54DE
:10929000282228466D1C0A54012228466D1C0A54B7
:1092A000002228466D1C0A548F4890F82E0029464B
:1092B0006D1C621D5054002228466D1C611D0A540D
:1092C00028466D1C0A54DFF8209209F11409302257
:1092D00028466D1C0A548448C08A08B1012200E067
:1092E000002228466D1C611D0A54002228466D1C70
:1092F0000A5428466D1C0A547B48C08AC0F30722D2
:1093000028466D1C0A547848827D28466D1C0A54F4
:1093100000BF312228466D1C0A54B9F8040008B178
:10932000012200E0002228466D1C611D0A54B9F894
:109330000400020A28466D1C0A5499F804202846A5
:109340006D1C0A54002228466D1C0A5428466D1CC8
:109350000A5400BF00BF322228466D1C0A54B9F8D7
:10936000060008B1012200E0002228466D1C611DA4
:109370000A54B9F80600020A28466D1C0A5499F8E6
:10938000062028466D1C0A54002228466D1C0A54EB
:1093900028466D1C0A5400BF00BF332228466D1CAE
:1093A0000A54B9F8080008B1012200E0002228465A
:1093B0006D1C611D0A54B9F80800020A28466D1C8C
:1093C0000A5499F8082028466D1C0A5400222846A1
:1093D0006D1C0A5428466D1C0A5400BF00BF34227D
:1093E00028466D1C0A54B9F80A0008B1012200E0B1
:1093F000002228466D1C611D0A54B9F80A00020AB1
:1094000028466D1C0A5499F80A2028466D1C0A54F7
:10941000002228466D1C0A5428466D1C0A5400BFC1
:1094200000BF362228466D1C0A54B9F80E0008B158
:10943000012200E0002228466D1C611D0A54B9F883
:109440000E00020A28466D1C0A5499F80E20284680
:109450006D1C0A54002228466D1C0A5428466D1CB7
:109460000A5400BF372228466D1C0A5401222846A0
:109470006D1C0A54002228466D1C0A5428466D1C97
:109480000A541948808C020A28466D1C0A54164852
:1094900090F8242028466D1C0A54134FB0375022F0
:1094A00028466D1C0A54012228466D1C0A540022CD
:1094B00028466D1C0A5428466D1C0A540A48B0F808
:1094C000B200C0F3072228466D1C0A54064890F8E3
:1094D000B22028466D1C0A5400BF512228466D1C3C
:1094E0000A54B88820B101E0F01E0020012200E0FB
:1094F000002228466D1C611D0A54B888020A2846BD
:109500006D1C0A543A7928466D1C0A5400222846DC
:109510006D1C0A5428466D1C0A5400BF00BF52221D
:1095200028466D1C0A54F88808B1012200E0002288
:1095300028466D1C611D0A54F888020A28466D1CD5
:109540000A54BA7928466D1C0A54002228466D1C1C
:109550000A5428466D1C0A5400BF00BF53222846F7
:109560006D1C0A54388908B1012200E00022284607
:109570006D1C611D0A543889020A28466D1C0A5464
:109580003A7A28466D1C0A54002228466D1C0A545B
:1095900028466D1C0A5400BF00BF542228466D1C8B
:1095A0000A54788908B1012200E0002228466D1C87
:1095B000611D0A547889020A28466D1C0A54BA7A39
:1095C00028466D1C0A54002228466D1C0A54284661
:1095D0006D1C0A5400BF00BF552228466D1C0A545A
:1095E000B88908B1012200E0002228466D1C611DE7
:1095F0000A54B889020A28466D1C0A543A7B284648
:109600006D1C0A54002228466D1C0A5428466D1C05
:109610000A5400BF00BF562228466D1C0A54F88920
:1096200008B1012200E0002228466D1C611D0A5489
:10963000F889020A28466D1C0A54BA7B28466D1C1C
:109640000A54002228466D1C0A5428466D1C0A54F0
:1096500000BF572228466D1C0A54012228466D1C63
:109660000A54002228466D1C0A5428466D1C0A54D0
:10967000FE48B0F8C000020A28466D1C0A54FB4898
:1096800090F8C02028466D1C0A54DFF8E0A3602241
:1096900028466D1C0A545046408808B1012200E05B
:1096A000002228466D1C611D0A54002228466D1CAC
:1096B0000A5428466D1C0A54EC484088C0F307221F
:1096C00028466D1C0A54E948827828466D1C0A54C5
:1096D00000BF612228466D1C0A54012228466D1CD9
:1096E0000A54BAF80400020A28466D1C0A549AF873
:1096F000042028466D1C0A54BAF80A00020A2846BB
:109700006D1C0A549AF80A2028466D1C0A5400BFA2
:1097100000BF622228466D1C0A54012228466D1C97
:109720000A54BAF80600020A28466D1C0A549AF830
:10973000062028466D1C0A54BAF80C00020A284676
:109740006D1C0A549AF80C2028466D1C0A5400BF60
:1097500000BF632228466D1C0A54012228466D1C56
:109760000A54BAF80800020A28466D1C0A549AF8EE
:10977000082028466D1C0A54BAF80E00020A284632
:109780006D1C0A549AF80E2028466D1C0A5400BF1E
:1097900062B6681D6080009841682046FEF79FF819
:1097A000B3480068401CB2490860002005B0BDE81D
:1097B000F08F2DE9F0470646894692460024A046E0
:1097C000374607F10805AB480068401CA949086006
:1097D000AA20287012202871A748C2880168681D35
:1097E00003F0C2FDA448C088401D68800020A24943
:1097F000C880888028467968FEF771F8804600BFE7
:109800000BE0E11704EB11710911A4EB011109B987
:1098100000BF00BF00BF00BF641C6888A042F0DC2E
:1098200000BF00BF4046BDE8F0872DE9F047044681
:109830008946154600260027A0467E2088F80000AD
:109840008E480068006800688D49884202D18B48C4
:1098500090F8247089480068006800688949884247
:1098600002D1864890F825701DB939468348FDF726
:10987000F4FA8248FDF7F7FE3046BDE8F08770B590
:1098800004460D46002080490860FDF78CFF204605
:1098900000F0C6FE70BD1CB501207B4908607B4806
:1098A000AFF225014FF448720023CDE9001000F01B
:1098B000A3FE1CBD70B504460D4600207449086027
:1098C000FFF7E9FF204600F0ABFE70BD1CB501209C
:1098D0006F4908606F48AFF223014FF4FA6200232A
:1098E000CDE9001000F088FE1CBD10B5694800F0FD
:1098F00097FE10BD70B504460D466748037867486B
:109900000278674801785D48FDF7E0F9204600F0ED
:1099100087FE70BD1CB56348AFF227014FF4C872D3
:109920000023CDE9001000F067FE1CBD10B55D48B6
:1099300000F076FE10BD10B5544800F071FE10BD69
:109940002DE9F04705460C4616464FF0000A002761
:10995000A84608F1080954480068401C52490860AC
:10996000FFF7B4FFFFF7D6FFF9F7D6FF4F490860BE
:10997000AA2089F80000222089F804007F2088F8B6
:109980000000022E70D1207809385B286DD2DFE804
:1099900000F0555657584AA8A9AAABACADAEAFB027
:1099A000B1B2B3B4B5B6B74B4C4D4243444546474C
:1099B0004948DFDFDFDFDFDFDF3A3B3C3D3E3F4052
:1099C00041DFDFDFDFDFDFDFDFDFDFDFDFDFDFDF45
:1099D000DFDFDFDFDFDFDFDFDF2E2F303132333459
:1099E00035DFDFDFDFDFDFDFDF363738390000BFAD
:1099F00000BF00BF00BF00BF00BF00BF00BF00BF6F
:109A000000BF00BF00BF00BF00BF00BF00BF00BF5E
:109A100000BF00BF00BF00BF00BF00BF00BF00BF4E
:109A200000BF00BF00BF00BF00BF00BF00BF227863
:109A30001FA1002003F020FA00BF93E000BF00BF89
:109A400000BF0E480068006800680D49884202D1D6
:109A50000A4890F8247009480068006800680949BD
:109A6000884237D1054833E07DE071E0F01E0020E8
:109A7000D81D0020D01D0020C01D00200017002090
:109A80000054004000580040C0150020A0240020D1
:109A9000BC15002070240020901700208C17002097
:109AA0009417002088240020CC1D0020B41500202D
:109AB00043616E277420636F6E74726F6C20534520
:109AC0004E534F5249445B253032785D0D0A0000F9
:109AD00090F82570637822783946FE48FDF728F91A
:109AE00040E000BF00BF00BF00BF00BF00BF00BF1D
:109AF00000BF00BF00BF00BF00BF00BF00BF00BF6E
:109B0000F448006800680068F349884202D1F148CF
:109B100090F82470EF48006800680068EF498842B8
:109B200002D1EC4890F82570637822783946E948EC
:109B3000FDF7CCF82078EA4908606078E9490860C8
:109B4000E9480760E9480068401CE849086009E006
:109B500000BF237840F2CB22E5A1002003F08CF96E
:109B600000BF00BF00BFDB48FDF77DFD5046BDE8EC
:109B7000F0872DE9F04706460F4690460024A2469E
:109B8000B14609F10805AA20287023202871B8F1F0
:109B9000010F1DD1387801280BD105E0DC49DD48E3
:109BA00050F824000160641CDA48001F8078A0424D
:109BB000F4DC387802280BD105E0D749D54850F8B5
:109BC00024000160641CD348001F8078A042F4DCAC
:109BD00000206871062068802846D9F80410FDF737
:109BE0007EFE5046BDE8F0872DE9F05F05460E4643
:109BF00014464FF00009CA460027A84608F1080B92
:109C0000802088F80000B348006800680068B24906
:109C1000884202D1AF4890F824A0AE48006800689E
:109C20000068AE49884202D1AA4890F825A000BF3A
:109C30002246BAA1002003F01FF900BF002709E067
:109C400000BF781C335CF25DBBA1002003F014F967
:109C500000BFBF1C202FF3DB204604EBD07149105E
:109C6000A4EB410129B92346324651469948FDF7F4
:109C7000BEF89848FDF7F7FC4846BDE8F09F2DE98F
:109C8000F04104460E4615460027AA2020721321F3
:109C9000217345B12A46314604F10D0003F064FBFF
:109CA000681D608101E04FF0FF3720787E2807D1E2
:109CB0000020207004F108006168FDF710FE0746DF
:109CC0003846BDE8F0812DE9F84F04460D461746A9
:109CD0004FF0000A0026B046B146AA202072222189
:109CE00021739F480068401C9D4908602878092816
:109CF0001FDB28780C281CDC2A783146761C04F1FE
:109D00000D00425401223146761C42540022314655
:109D1000761C42543146761C42546A783146761C91
:109D20004254AA783146761C425407F108006081FB
:109D300052E02A783146761C04F10D004254A8788E
:109D4000697840EA012800BF424686A1002003F05E
:109D500093F800BFB8F5967F07DD01223146761CE7
:109D600004F10D004254914606E000223146761C73
:109D700004F10D00425491465A480068814516D0BE
:109D80004FF400727D49A1F1100000F0F5FC4FF492
:109D900000727B49A1F1100000F0EEFC51480378FD
:109DA0004F480278504801784A48FCF78FFF00BFBF
:109DB0006B48006800904B484A4672A10368002037
:109DC00003F05AF800BF7A1E04F10D018819691CCE
:109DD00003F0CAFAB81D608120787F2816D10020D0
:109DE000207004F108006168FDF779FD8246724831
:109DF0000068F9F795FD7149086000207049086016
:109E0000FFF773FDFFF792FDFFF745FD5046BDE8F4
:109E1000F88F2DE9F04104460E4615460027AA208A
:109E2000207225212173012D08D12A46314604F1E3
:109E30000D0003F099FA681D608101E04FF0FF37D3
:109E40002078802807D10020207004F10800616884
:109E5000FDF745FD07463846BDE8F0812DE9FC5F7A
:109E600080460C46154647460026B346B146B246E4
:109E7000681E14F80090E81EC1B2E01CFBF762FAFD
:109E80008246D14524D120783872E178397300BFF9
:109E9000E37822784BA1002002F0EEFF00BF00BF64
:109EA000B5E0564830F83610387B814211D100BFFA
:109EB000CDE90065E37822785149002002F0DCFF0B
:109EC00000BF681F82B24D4800EBC600211D99E01B
:109ED000A1E09BE000170020005400400058004023
:109EE0008C1700209017002094170020981700204E
:109EF0004C696E652564203A20696E7661696C64F0
:109F000020706172616D5B253032785D0D0A000052
:109F1000F01F002024220020082100202A2A2A2ABB
:109F20002A2A2A2A2A6C656E3D3D25642A2A2A2A75
:109F30002A2A2A2A0D0A00002A2A2A2A2A2A2A2A12
:109F40002A64657649443D3D307825782C627566F3
:109F5000663D25642A2A2A2A2A2A2A2A0D0A00006E
:109F60000C1E00203C3C3C09766F6C7461676509EF
:109F70003D3D092564093C3C3C3C0000A400002018
:109F8000C40400203C3C3C3C3C3C3C0977616E7482
:109F90003D3D2564092C0974727574683D3D256446
:109FA000092C09656E7465724E756D3D25643C3CE7
:109FB0003C3C3C3C0D0A0000B4150020B8150020C4
:109FC000BC1500202A2A2A2A2A2A2A2A2A627566E9
:109FD000665B305D5F6865616465723D30782578E9
:109FE0002C627566665B335D5F636D643D3078251A
:109FF000782A2A2A2A2A2A2A2A0D0A00DC1D002069
:10A00000D8F100084368384698478346761C062EE8
:10A01000FFF447AF0AE000BF40F21B43554A56A188
:10A020000020CDE900A902F027FF00BF5846BDE897
:10A03000FC9F70B5C4B00446002600250020439064
:10A04000429041904FF4807101A803F0FCF96168DF
:10A05000081D04F05BFD01284FD96168081D00222E
:10A0600043A900F0E4FB06469DF80C01AA283ED166
:10A070006168081D012242A900F0D9FB064661680B
:10A08000081D022241A900F0D2FB0646012E33D161
:10A090009DF804019DF8081140EA01256168081D3A
:10A0A00004F034FDA84227D36168081D2A4601A99F
:10A0B00000F0A2FB0646AE4205D000BF3CA1002046
:10A0C00002F0DAFE0DE0AAB201A92046D4F810325F
:10A0D0009847064600BF2A463CA1002002F0CCFE6D
:10A0E00000BF00BF41A1002002F0C6FE04E061688D
:10A0F000081D43A900F06CFB00BF304644B070BDA2
:10A1000010B5FAF748FD3D483D494860AFF2B3202D
:10A11000C1F810020A46526802F11401384A526826
:10A12000101D4FF4007200F027FB4FF4007000F098
:10A130000FF9344908604FF4007000F009F9324912
:10A14000086010BD10B52F49086800F009F900201B
:10A150002C4908602C49086800F002F900202A49BF
:10A16000086010BD10B500242548FFF762FF0446C3
:10A17000204610BD8FEF00082573204C696E6525C1
:10A18000643A20436865636B2073756D206661696E
:10A190006C2C2043414C435B253032785D20213DBF
:10A1A000204652414D5B253032785D0D0A0000009B
:10A1B000526561642072696E6720627566666572B9
:10A1C000206661696C200D0A000000002A2A2A2AF4
:10A1D0002A2A2A2A2A726563765F6C656E3D256499
:10A1E0002A2A2A2A2A2A2A2A0D0A00007265637658
:10A1F0005F6C656E20200D0A000000009C17002097
:10A2000050220020B81D0020C01D002010B50246BD
:10A2100002B910BDA2F11001974C4B682468E31AF3
:10A22000954C2360954B186809E00368834205D874
:10A23000814202D803688B4200D905E00068814260
:10A24000F3D903688B42F0D900BF4B6801EB0313CD
:10A250000468A34208D14B680468646823444B60D7
:10A2600003681B680B6001E003680B60436800EB48
:10A2700003138B4206D143684C68234443600B6848
:10A28000036000E001607D4B186000BFC1E72DE96D
:10A29000FC5F81467A4E06F5404A002509F10F0021
:10A2A000012101EB101874480068404472490860AD
:10A2B00072480068071E0ED13446AAEB060000095A
:10A2C000606070482060046000206E494860084665
:10A2D0006A49074608603C6800BF6068404507D18E
:10A2E000206838606548076004F11000BDE8FC9FF5
:10A2F0006068404508D90DB92546BB466868616865
:10A30000884201D9BB4625465C48006884421CD17E
:10A310007DB15A48C0F800B02C466068A0EB080038
:10A320006060606804EB0014C4F8048004F110005D
:10A33000DCE709E054A0F321594B5AA2CDE9001003
:10A3400060A1012000F056FBF4E727462468C4E72B
:10A3500070B504462046FFF79AFF0546284670BDB3
:10A3600010B5044604B910BD2046FFF74FFF00BFEB
:10A37000F9E770B504460D4604FB05F0FFF787FFCB
:10A38000064626B104FB05F1304603F03AF83046A4
:10A3900070BD2DE9F04105460C4635B92046FFF762
:10A3A00076FF06463046BDE8F0812CB92846FFF717
:10A3B000D7FF00250020F6E704F10F00012101EB93
:10A3C0001017A5F110067068B84201D32846EAE7D5
:10A3D0002046FFF75CFF064622462946304602F03B
:10A3E000C3FF2846FFF7BCFF00253046DBE70EB56C
:10A3F0004FF48060FFF7ACFF044634A040F28B11AD
:10A40000364B28A2CDE9010400912EA1042000F0D2
:10A41000F1FAF0224FF48061204602F0EAFF94F84E
:10A42000FF032FA14FF4C7722C4BCDE900210290FE
:10A430001CA224A1042000F0DDFA94F8000428A155
:10A4400040F28F12254BCDE90021029015A21DA1EB
:10A45000042000F0CFFA2046FFF782FF00BF23A0C0
:10A460004FF4C9711D4B0FA2CDE9001015A10420B6
:10A4700000F0C0FA00BFFEE7141E0020101E0020EE
:10A48000B8240020B8E4002077756A6971756520EA
:10A490006D616C6C6F632065727221210D0A000082
:10A4A000A2EF00082E2E5C2E2E5C4D6964646C6554
:10A4B000776172655C616C6C6F635C616C6C6F631F
:10A4C0002E630000616C6C6F63000000706F696E3A
:10A4D000746572203A253038780D0A00AFEF000815
:10A4E000646174613A253032780D0A00616C6C6FDA
:10A4F000632066726565206F6B0D0A0001463A485D
:10A500000160002070472DE9F047044616461F46BB
:10A51000DDE9088914B1B8F1000F03D14FF0FF3025
:10A52000BDE8F087314D06E02868A04202D12068DE
:10A53000286003E02D6828680028F5D100BF2A486C
:10A540000068804780197941C4E90201C4F810808D
:10A55000C4F81490254D00BF286818B90020206069
:10A560002C600DE0D4E902302A68D2E90212591AAF
:10A57000904103D2286820602C6001E02D68EBE751
:10A5800000BF0020CCE70246184906E00868904268
:10A5900002D113680B6003E0096808680028F5D150
:10A5A00000BF0020704710B51048046817E00E483F
:10A5B00000688047D4E90232C01A914105D20A48A6
:10A5C00000688047A168081A10BD08492068086023
:10A5D000206918B12046D4E9042190472468002C52
:10A5E000E5D10020F0E700001C1E0020181E00200E
:10A5F00010B5F9F791F910BD2DE9FC470646144650
:10A600001D46DDE90A784FF0000922462B46304608
:10A61000CDE90078FFF777FF81464846BDE8FC8723
:10A6200070B5044600252046FFF7ADFF05462846D5
:10A6300070BD1CB5434844494FF4FA720023CDE97C
:10A640000010FFF7D9FF1CBD70B504460D463F480A
:10A650000068401C3D4908600846007800F0010091
:10A6600018B90120FAF787F802E00020FAF783F81A
:10A67000FAF738FBFFF7DDFF70BD1CB534483549EC
:10A680004FF4FA620023CDE90010FFF7B5FF1CBDBF
:10A6900070B504460D463048F8F74BFEFAF7E7F977
:10A6A0002D49B039A1F8B200FFF7E7FF70BD1CB526
:10A6B0002A482B4940F6B8320023CDE90010FFF7B5
:10A6C0009BFF1CBD70B504460D462648006808B9BE
:10A6D000FCF7C8FDFFF7EBFF70BD1CB5224823490E
:10A6E0004FF42F720023CDE90010FFF785FF1CBD4A
:10A6F00070B504460D461E480068401C1C490860A1
:10A700000846007800F0030018B97D201949087048
:10A7100002E07C2017490870FFF7DFFF70BD10B51D
:10A72000AFF23310FFF7EAFEFFF783FFFFF7A5FF55
:10A73000FFF7BDFF002010BD10B50024FFF733FF69
:10A74000044610BDC8E4002049A60008241E0020CD
:10A75000F8E4002091A60008A01F002010E50020CA
:10A76000C5A60008BC15002028E50020F1A60008B9
:10A77000201E0020202200200160531E4360002381
:10A780008360C360704770B504460D46204604F0F0
:10A79000B1F920B1A068401C61680840A060E16880
:10A7A00020684554E068401C61680840E06070BD66
:10A7B0002DE9F04107460D461646002404E0295DC8
:10A7C0003846FFF7E0FF641CB442F8D3BDE8F081DF
:10A7D00070B504460D46204604F083F908B1002008
:10A7E00070BDA1682068405C2870A068401C61684A
:10A7F0000840A0600120F3E72DE9F04180460E46B5
:10A800001746404604F06DF910B10020BDE8F08114
:10A810003546002401E0641C6D1CBC4205D229466B
:10A820004046FFF7D5FF0028F5D12046EEE72DE999
:10A83000F04104460E461546204604F067F9A8424A
:10A8400002D80020BDE8F081A0682844616800EAD1
:10A8500001072068C05D30700120F3E710B50024C7
:10A8600000BF19E004EB440101EB0412FE4911445E
:10A87000481C112102F0C5FD002104EB440000EB4F
:10A880000412F948815404EB440000EB0412F6482A
:10A8900010448174601CC4B2052CE3DB10BD10B5FC
:10A8A000F148233890F89E0038B101F0AAF8002052
:10A8B000ED49233981F8A00004E00020EA4923395A
:10A8C00081F89F0010BD30B585B004460D46052CBB
:10A8D0001CDDE6480068002811D140F2D920E44987
:10A8E000E4A2EBA3CDE90310CDE9013200900B46C1
:10A8F000F0A2F8A1002000F07DF800BFFEE740F2D2
:10A90000D922DB49DBA0D94B1B689847D648613078
:10A9100050F82400284010B1012005B030BD0020BF
:10A92000FBE710B5D048233890F89E0038B101F00D
:10A9300067F80120CC49233981F8A00004E0012008
:10A94000C949233981F89F0010BD70B586B006460D
:10A95000002E1CD1C5480068002811D14FF4EE70BC
:10A96000DE49DFA2CAA3CDE90310CDE90132009090
:10A970000B46D0A2D7A1002000F03CF800BFFEE7B4
:10A980004FF4EE72D549D6A0B84B1B689847002407
:10A990000525B548233890F89C0010B9284606B024
:10A9A00070BDFFF7BEFF00241DE004EB440000EB88
:10A9B0000411AD480844807C012812D104EB440006
:10A9C00000EB0412A8481044411C1022304602F04B
:10A9D00080FC30B904EB440000EB0411A248455C54
:10A9E00003E0601CC4B2052CDFDB00BFFFF757FF9C
:10A9F0002846D4E72DE9F04F8BB005460F46934625
:10AA00009846384602F03CFC814600244FF0020A8A
:10AA1000002009900A90069007900890052D1CDDF3
:10AA200092480068002811D140F23A20B14991A221
:10AA300097A3CDE90310CDE9013200900B469DA20A
:10AA4000A4A10020FFF7D6FF00BFFEE740F23A22A4
:10AA5000A84988A0854B1B6898478348233890F8FD
:10AA60009D0010B90BB0BDE8F08F7F482338007807
:10AA7000A84204DB3846FFF768FFA84200DAF1E796
:10AA800079492239384602F0E9FB00B9EAE716A80D
:10AA90000590FFF746FF01212846FFF714FF40B15C
:10AAA000954850F8252095480119204600F0BCFF34
:10AAB000044402212846FFF706FFE8B18F48011938
:10AAC0003A46204600F0B0FF0444B9F1080F0CD814
:10AAD000C9F10801202206A802F08BFC8748011961
:10AAE00006AA204600F0A0FF04448448011984A26D
:10AAF000204600F099FF04441C212846FFF7E3FE9E
:10AB0000002852D07D4801197EA2204600F08CFF1B
:10AB1000044404212846FFF7D6FEA8B100F072FFD6
:10AB20000490764801192046049A00F07DFF044401
:10AB300018212846FFF7C7FE30B17048011970A2EE
:10AB4000204600F071FF044408212846FFF7BBFEB1
:10AB5000A8B100F059FF0490684801192046049AF2
:10AB600000F062FF044410212846FFF7ACFE30B12C
:10AB70006248011962A2204600F056FF04441021E9
:10AB80002846FFF7A0FE48B100F040FF04905B4864
:10AB900001192046049A00F047FF04445748011960
:10ABA00059A2204600F040FF0444E0212846FFF768
:10ABB0008AFE002856D05148011954A2204600F0C0
:10ABC00033FF044420212846FFF77DFEF8B14B48AF
:10ABD00001195A46204600F027FF04444021284628
:10ABE000FFF771FE38B14548011949A2204600F02F
:10ABF0001BFF04440BE080212846FFF764FE30B1C0
:10AC00003E4801193EA2204600F00EFF0444802178
:10AC10002846FFF758FEC0B13EA2052109A8149BA3
:10AC200002F066F93548011909AA204600F0FCFE39
:10AC3000044440212846FFF746FE30B12F48011951
:10AC40002FA2204600F0F0FE044440212846FFF7E2
:10AC50003AFE30B1294801194246204600F0E4FE90
:10AC6000044459E05FE0000063E50020401E00203E
:10AC700059F000086C6576656C203C3D20454C4FD2
:10AC8000475F4C564C5F564552424F5345000000BB
:10AC9000282573292068617320617373657274209D
:10ACA0006661696C65642061742025733A256C6463
:10ACB0002E0000002E2E5C2E2E5C4D6964646C65A7
:10ACC000776172655C6C6F676765725C656C6F67F6
:10ACD0002E630000656C6F670000000035F000080F
:10ACE00074616720213D202828766F6964202A2915
:10ACF000302900004DF00008281E0020E4E5002067
:10AD0000200000005B0000005D2000002800000023
:10AD10003A000000256C6400FE480119FEA220469E
:10AD200000F082FE0444C4F58071FA4A1019059BB4
:10AD3000159A02F0B7F8064600200590A019B0F564
:10AD4000807F03D8002E01DB344401E04FF480748F
:10AD500004EB0A00B0F5807F03D94FF48074A4EBB4
:10AD60000A04EE48807C58B10020EA490855EB49B6
:10AD70001231E84802F072FA10B9FFF790FD71E65F
:10AD8000E4480119E6A2204600F04EFE04442146A4
:10AD9000E04800F02CFEFFF782FD00BF62E610B530
:10ADA00086B00446052C21DDDE480068002815D158
:10ADB0004FF4AB70DC49AFF24412AFF22C13CDE983
:10ADC0000310CDE9013200900B46AFF21812AFF23A
:10ADD000FC010020FFF70EFE00BFFEE74FF4AB7250
:10ADE000D149AFF27010CF4B1B689847CB48047025
:10ADF00006B010BD10B50446C84880F89E4090F8D3
:10AE00009E00A0B1C54890F8A00030B9C34890F8A2
:10AE10009F0010B100F0F4FD09E0C04890F8A000D8
:10AE200028B1BE4890F89F0008B900F0EAFD10BDB7
:10AE300010B50024B94890F89C00012801D12046A3
:10AE400010BD00F0D1FD04460CB12046F8E701200A
:10AE5000FFF7D0FF0020B14981F89F0081F8A000E2
:10AE60000520FFF79CFFFFF7F9FC0120AB4981F8B3
:10AE70009C002046E4E710B5A84890F89C0000B973
:10AE800010BD00F0B3FD0020A44981F89C0000BF74
:10AE9000F6E710B586B00446002C21D0012C1FD057
:10AEA000A0480068002814D140F213109F49A0A2C6
:10AEB000AFF22423CDE90310CDE9013200900B4617
:10AEC000AFF21022AFF2F4110020FFF793FD00BFA4
:10AED000FEE740F21312954995A0924B1B689847E4
:10AEE0008E4880F89D4006B010BD0EB58B4890F896
:10AEF0009C0000B90EBD0120FFF7CBFF96A098A1E2
:10AF0000F422A14BCDE900210290AFF25822AFF21A
:10AF10003C210320FFF76EFD00BFEBE70EB57F4835
:10AF200090F89C0000B90EBD0020FFF7B2FF8AA088
:10AF300096A140F209129F4BCDE900210290AFF299
:10AF40008C22AFF270210320FFF754FD00BFEAE727
:10AF5000724890F89D00704730B585B004460D46A4
:10AF6000052C21DD6F480068002815D14FF49E7034
:10AF70009149AFF20032AFF2E823CDE90310CDE9F9
:10AF8000013200900B46AFF2D422AFF2B82100207C
:10AF9000FFF730FD00BFFEE74FF49E728649AFF227
:10AFA0002C30604B1B6898475C48843040F8245034
:10AFB00005B030BD10B50446102221465748123066
:10AFC00002F068FA10BD10B504461022214653481D
:10AFD000401C02F05FFA10BD70B586B006460C4604
:10AFE0001546052E21DD4F480068002815D140F296
:10AFF00049107249AFF28432AFF26C33CDE90310DD
:10B00000CDE9013200900B46AFF25832AFF23C313D
:10B010000020FFF7EFFC00BFFEE740F2491267494E
:10B02000AFF2B0303F4B1B6898473046FFF7B7FE92
:10B030002046FFF7C8FF2846FFF7BCFF06B070BDEB
:10B0400070B586B006460D46052D21DD35480068F1
:10B05000002815D140F2A7105949AFF2E832AFF2FB
:10B06000D033CDE90310CDE9013200900B46AFF2A9
:10B07000BC32AFF2A0310020FFF7BCFC00BFFEE7FE
:10B0800040F2A7124E49AFF21440264B1B68984776
:10B09000002E21D123480068002815D14FF4D47028
:10B0A0004749AFF2C432AFF21843CDE90310CDE9FE
:10B0B000013200900B46AFF20442AFF2E8310020BB
:10B0C000FFF798FC00BFFEE74FF4D4723C49AFF2A3
:10B0D000F030144B1B6898470024104890F89C00EF
:10B0E00008B906B070BDFFF71CFC002472E004EB49
:10B0F000440000EB0411094823300844807C0128F7
:10B1000066D104EB440000EB0412044823301044E1
:10B11000411C57E0E4E500202900000040E5002044
:10B120000D0A0000401E002009F00008D4EF0008BE
:10B1300028656E61626C6564203D3D2066616C73BC
:10B140006529207C7C2028656E61626C6564203DE9
:10B150003D20747275652900322E322E3939000077
:10B16000456173794C6F6767657220562573206956
:10B170007320696E697469616C697A65207375639F
:10B18000636573732E000000BFEF0008456173799B
:10B190004C6F67676572205625732069732064655C
:10B1A000696E697469616C697A652073756363653A
:10B1B00073732E00CAEF0008ECEF0008F9EF0008E7
:10B1C0001DF000081022304602F083F800B903E0B9
:10B1D000601CC4B2052C8ADB00BF052C22DA052DC9
:10B1E00019D1002104EB440000EB0412F84810448C
:10B1F000817404EB440101EB0412F5491144481C2D
:10B20000112102F0FEF8002104EB440000EB0412CF
:10B21000EF48815431E004EB440000EB0411EC48AA
:10B2200045542AE0052D28D0002423E004EB4400F7
:10B2300000EB0411E6480844807CC8B904EB4401E3
:10B2400001EB0412E2491144481C1022314602F07D
:10B2500021F904EB440000EB0411DD4845540121C1
:10B2600004EB440000EB0412D9481044817403E05D
:10B27000601CC4B2052CD9DB00BFFFF710FB00BF78
:10B280002FE70FB438B50025D148233890F89D003A
:10B2900010B938BC5DF814FB05A80090FFF741FB1E
:10B2A0004FF48071CB48009B049A01F0FBFD0446EB
:10B2B000002C04DBB4F5807F01DC254601E04FF46F
:10B2C00080752946C34800F092FBFFF7E8FA00209A
:10B2D000009000BFDDE7C0490860704710B586B038
:10B2E0000446002C1ED1BC480068A0B94FF442703F
:10B2F000BA49BBA2AFF26863CDE90310CDE90132D0
:10B3000000900B46AFF25462AFF238610020FFF7B5
:10B3100071FB00BFFEE74FF44272B049B0A0AE4BE4
:10B320001B689847AA48233890F8840000F0010071
:10B3300000281FD1A8480068002814D140F20A3024
:10B34000A649A8A2AFF2B863CDE90310CDE9013256
:10B3500000900B46AFF2A462AFF288610020FFF7C5
:10B3600049FB00BFFEE740F20A329C499DA09A4B80
:10B370001B6898479648233890F8880000F0010031
:10B3800000281FD194480068002814D140F20B30E7
:10B390009249A2A2AFF20873CDE90310CDE90132C0
:10B3A00000900B46AFF2F462AFF2D8610020FFF7D5
:10B3B00021FB00BFFEE740F20B32884997A0864B85
:10B3C0001B6898478248233890F88C0000F00100F1
:10B3D00000281FD180480068002814D14FF4437022
:10B3E0007E499BA2AFF25873CDE90310CDE901323B
:10B3F00000900B46AFF24472AFF228710020FFF7C5
:10B40000F9FA00BFFEE74FF44372744990A0724B03
:10B410001B6898476E48233890F8900000F00100B0
:10B4200000281FD16C480068002814D140F20D306C
:10B430006A4994A2AFF2A873CDE90310CDE90132B5
:10B4400000900B46AFF29472AFF278710020FFF7D4
:10B45000D1FA00BFFEE740F20D32604989A05E4B91
:10B460001B6898475A48233890F8940000F0010070
:10B4700000281FD158480068002814D140F20E302F
:10B4800056498DA2AFF2F873CDE90310CDE9013230
:10B4900000900B46AFF2E472AFF2C8710020FFF7E4
:10B4A000A9FA00BFFEE740F20E324C4982A04A4B97
:10B4B0001B6898474648233890F8980000F0010030
:10B4C00000281FD144480068002814D140F20F30F2
:10B4D000424986A2AFF64803CDE90310CDE9013217
:10B4E00000900B46AFF63402AFF618010020FFF7CC
:10B4F00081FA00BFFEE740F20F3238497BA0364B9D
:10B500001B6898472078492813D006DC412809D0C9
:10B51000442810D0452812D107E056280DD05728CE
:10B520000DD104E0002006B010BD0120FBE7022091
:10B53000F9E70320F7E70420F5E70520F3E74FF0EC
:10B54000FF30F0E72DE9F04186B005460C4616467F
:10B550000027B846002D1ED11F480068A0B940F250
:10B56000363070491EA2AFF6D803CDE90310CDE9FD
:10B57000013200900B46AFF6C402AFF6A8010020DE
:10B58000FFF738FA00BFFEE740F23632654914A0F3
:10B59000114B1B689847002E18D10F480068A0B9BE
:10B5A00040F237305F4960A2AFF61C13CDE90310BB
:10B5B000CDE9013200900B46AFF60812AFF6EC0170
:10B5C0000020FFF717FA00BFFEE7B1E0B8E0000087
:10B5D00063E50020E4E50020401E002069F000083B
:10B5E0006C6F6700656C6F672E656E61626C656479
:10B5F0005F666D745F7365745B454C4F475F4C5677
:10B600004C5F4153534552545D202620454C4F47D3
:10B610005F464D545F4C564C00000000656C6F67F0
:10B620002E656E61626C65645F666D745F736574D0
:10B630005B454C4F475F4C564C5F4552524F525DF5
:10B64000202620454C4F475F464D545F4C564C00DA
:10B65000656C6F672E656E61626C65645F666D74A4
:10B660005F7365745B454C4F475F4C564C5F574169
:10B67000524E5D202620454C4F475F464D545F4C4F
:10B68000564C0000656C6F672E656E61626C656478
:10B690005F666D745F7365745B454C4F475F4C56D6
:10B6A0004C5F494E464F5D202620454C4F475F4634
:10B6B0004D545F4C564C0000656C6F672E656E6193
:10B6C000626C65645F666D745F7365745B454C4F57
:10B6D000475F4C564C5F44454255475D2026204508
:10B6E0004C4F475F464D545F4C564C00656C6F673E
:10B6F0002E656E61626C65645F666D745F73657400
:10B700005B454C4F475F4C564C5F564552424F533A
:10B71000455D202620454C4F475F464D545F4C56B3
:10B720004C00000077F000087461675F6C656E0084
:10B7300040F237328A49AFF210008A4B1B689847B3
:10B74000062C1FDB87480068002814D14FF44E7088
:10B75000834985A2AFF6C823CDE90310CDE90132B4
:10B7600000900B46AFF6B422AFF698210020FFF709
:10B7700041F900BFFEE74FF44E7279497AA0794B48
:10B780001B6898477F4810F8240000F0020000284A
:10B790001FD174480068002814D140F23A30704933
:10B7A00079A2AFF61433CDE90310CDE90132009050
:10B7B0000B46AFF60032AFF6E4210020FFF71AF98E
:10B7C00000BFFEE740F23A3265496FA0654B1B6847
:10B7D0009847784951F8240001F052FD471910228A
:10B7E0002021384601F06BFDB0F1000803D0A8EB32
:10B7F0000700306000E00027384606B0BDE8F08161
:10B800002DE9FF4F85B083460F4699460024DDF8A9
:10B810001CA00020039004905A48843890F89D00A2
:10B8200010B909B0BDE8F08F564884380078042874
:10B8300000DAF6E753498339584601F00FFD00B9A5
:10B84000EFE7FFF76EF8002583E0E819401E5B463E
:10B8500059A24FF48071CDE900505D4801F048FBDA
:10B860008046B8F1000F05DBB8F5807F02DC1FFAD7
:10B8700088F401E04FF4807400262AE0A8194845B6
:10B8800008DAA8191AF8003052A2082103A801F01A
:10B890002FFB04E0082251A103A801F0FBFD4C4856
:10B8A000011903AA204600F0BFF8204484B2701C9E
:10B8B000C11700EB5171C910A0EBC10139B944485F
:10B8C000011942A2204600F0AFF8204484B2701C57
:10B8D00086B2BE42D2DB3E48011941A2204600F0AA
:10B8E000A3F8204484B200261DE0A819484518DAC0
:10B8F000A8191AF8000020385F2803D2A8191AF8EE
:10B90000000000E02E20034636A2082103A801F023
:10B91000EFFA2F48011903AA204600F085F82044C9
:10B9200084B2701C86B2BE42DFDBA01CB0F5807F03
:10B9300000D9FE2426480119AFF61C02204600F06B
:10B9400073F8204484B22146214800F050F8E819E9
:10B9500085B24D45FFF679AFFEF7A1FF00BF60E766
:10B9600077F00008401E00206C766C203C20454C8F
:10B970004F475F4C564C5F544F54414C5F4E554DB2
:10B9800000000000C4E50020656C6F672E656E61E5
:10B99000626C65645F666D745F7365745B6C766C16
:10B9A0005D202620454C4F475F464D545F5441472C
:10B9B00000000000281E0020442F48455820257311
:10B9C0003A20253034582D253034583A20000000D4
:10B9D000E4E500202530325820000000202020001F
:10B9E000202000002563000000207047704770B5DC
:10B9F00004460D462246294605A001F06DFA70BDA9
:10BA00007047704703A0704703A0704704A07047B9
:10BA1000252E2A7300000000787868657200000007
:10BA20007469643A32340000F0B585B006460D46BC
:10BA300014462746002D19D17748006880B92C207C
:10BA4000764977A277A3CDE90310CDE901320090C2
:10BA50000B467DA286A10020FEF7CCFF00BFFEE7CB
:10BA60002C226E496EA06C4B1B689847002C19D194
:10BA70006948006880B92D2068497FA269A3CDE993
:10BA80000310CDE9013200900B466FA278A100208F
:10BA9000FEF7B0FF00BFFEE72D22604976A05E4BA7
:10BAA0001B68984709E03046761CFF2804D814F834
:10BAB000010B05F8010B00E002E020780028F2D12C
:10BAC00000BFE01B05B0F0BD2DE9F04186B0054692
:10BAD0000C46904602260027002D19D14E480068DA
:10BAE00080B94620654966A24EA3CDE90310CDE991
:10BAF000013200900B4654A25DA10020FEF77AFFB0
:10BB000000BFFEE746225D495DA0434B1B68984796
:10BB1000002C19D14048006880B9472057495AA2E3
:10BB200040A3CDE90310CDE9013200900B4646A2B7
:10BB30004FA10020FEF75EFF00BFFEE747224F49FE
:10BB400051A0354B1B6898470DE014F8010B05F820
:10BB5000010B7F1CB74206D3A01B32464BA101F05C
:10BB6000B8FB00B904E0B8F10000A8F10108ECD17D
:10BB700000BF384606B0BDE8F0812DE9F04186B03F
:10BB800004460D46904626462F46002C19D12248E1
:10BB9000006880B960203E4921A222A3CDE90310AC
:10BBA000CDE9013200900B4627A231A10020FEF71B
:10BBB00021FF00BFFEE76022354919A0164B1B6824
:10BBC0009847002D19D11448006880B96120304988
:10BBD00029A214A3CDE90310CDE9013200900B4650
:10BBE00019A223A10020FEF705FF00BFFEE7612296
:10BBF000274921A0084B1B68984703E017F8010B61
:10BC000006F8010BB8F10000A8F10108F6D12046B2
:10BC100006B0BDE8F0810000401E002085F000085D
:10BC2000647374002825732920686173206173731D
:10BC3000657274206661696C656420617420257387
:10BC40003A256C642E0000002E2E5C2E2E5C4D6971
:10BC500064646C65776172655C6C6F676765725C64
:10BC6000656C6F675F7574696C732E63000000000C
:10BC7000656C6F67000000007372630091F000084C
:10BC80006C696E65000000006C6F67000D0A0000B3
:10BC90009CF0000870B5FE4CA821204601F0D3FBB3
:10BCA000032020616061FBA0A061FD49E1614FF4C8
:10BCB000806121620021A1626162E162F5A02066DB
:10BCC000F84961661021A16600212167E16661677C
:10BCD000002505E0C5F10F00F349085C60556D1CB7
:10BCE000102DF7D370BD2DE9F05F04468946174645
:10BCF0004FF0000AE56800BFD4F81080A84503D9CA
:10BD0000A8EB0500461E04E0A5EB0800401CA16856
:10BD10000E1AA068401BB04201D9304601E0A0686D
:10BD2000401B0646BE4201D2304600E03846064679
:10BD3000606800EB050B32464946584601F014FB9B
:10BD4000B244B144BF1B3544A068A84200D10025CD
:10BD5000E560002FD0D15046BDE8F09F2DE9F047B7
:10BD6000044689461546E668A068871BAF420AD993
:10BD7000606800EB060A2A464946504601F0F4FA8C
:10BD80007019E06014E0B846606800EB060A4246AD
:10BD90004946504601F0E8FAA5EB0708D4F804A09C
:10BDA00009EB07014246504601F0DEFAC4F80C8068
:10BDB000BDE8F08738B505460C46FF208DF8000039
:10BDC000BA48005D8DF80100022269462846FFF757
:10BDD0008AFF38BD10B501460A69CB689A4204D87B
:10BDE0008C68641EE41AA01801E0D41A601E10BD0D
:10BDF0002DE9F74F82B08346174600BFA448009054
:10BE000000980078532801D0FFF744FF00BF0BEBE8
:10BE10004B019F48183000EBC106DDF80C903569E6
:10BE2000D6F80CA04FF00008554517D9B068441B50
:10BE3000BC4201D2204600E03846044670682844DF
:10BE4000019022464846019901F08EFAA044A1448F
:10BE50003F1B2544B068A84200D10025AAEB050489
:10BE6000BC4201D2204600E0384604465CB170680E
:10BE70002844019022464846019901F075FAA044F1
:10BE8000A1443F1B2544B8F1000F00D03561404666
:10BE900005B0BDE8F08F2DE9F74F82B08346174615
:10BEA00000BF7B48009000980078532801D0FFF72E
:10BEB000F1FE00BF0BEB4B017548603000EBC10693
:10BEC000DDF80C903569D6F80CA04FF00008554508
:10BED00017D9B068441BBC4201D2204600E0384666
:10BEE000044670682844019022464846019901F0B2
:10BEF0003BFAA044A1443F1B2544B068A84200D1AE
:10BF00000025AAEB0504BC4201D2204600E03846D9
:10BF100004465CB170682844019022464846019965
:10BF200001F022FAA044A1443F1B2544B8F1000FC0
:10BF300000D03561404605B0BDE8F08F2DE9F041F5
:10BF400004460D461646EFF311808046202080F30C
:10BF5000118800BF00BF324629462046FFF748FF40
:10BF6000074608F0FF0080F3118800BF00BF384685
:10BF7000BDE8F0812DE9F04104460D461646EFF389
:10BF800011808046202080F3118800BF00BF324618
:10BF900029462046FFF77FFF074608F0FF0080F3A1
:10BFA000118800BF00BF3846BDE8F0812DE9F04799
:10BFB000074688461646C14607EB47013448183005
:10BFC00000EBC104D4E90301884202D1A068451EF8
:10BFD0000EE0D4E90301884204D22069E168401AE6
:10BFE000451E05E02069E168401A401EA168451819
:10BFF000AE420CD92069711B0844206103E020691E
:10C00000A168401A20612069A1688842F7D2D4E96A
:10C010000201451A00BFB5420CD9E168606800EB27
:10C02000010A32464946504601F09EF9E068304424
:10C03000E06010E0E168606800EB010A2A464946CA
:10C04000504601F091F9A9440020E060761BA068F9
:10C05000451E002EDFD100BFBDE8F0872DE9F74F68
:10C0600082B082461446DDF80CB00AEB4A0108485B
:10C07000183000EBC105D5F81090EE6868683044C0
:10C080000190B14539D8A868801B471EA7420FE030
:10C09000E4E600205465726D696E616C000000007A
:10C0A0008CE700208CEB0020B8F00008A8F0000816
:10C0B0000AD322465946019801F056F93019E86032
:10C0C000012005B0BDE8F08F4F44A74223D3A868F4
:10C0D000A0EB060842465946019801F045F9A4EB49
:10C0E00008043CB1686801900BEB080122460198F6
:10C0F00001F03AF9EC600120E3E7A9EB0600471EE6
:10C10000A74208D322465946019801F02DF930196B
:10C11000E8600120D5E70020D3E72DE9F047074686
:10C1200088461646C24607EB4701FE4800EBC109A8
:10C13000D9F8140020B1012811D0022826D11EE020
:10C140004846FFF747FE0546B54201D2002405E008
:10C150003446324651464846FFF700FE18E048464E
:10C16000FFF738FE0546B54201D2284600E03046CA
:10C170000446224651464846FFF7F0FD08E03246A5
:10C1800051464846FFF7AFFD044601E0002400BFDA
:10C1900000BF2046BDE8F0872DE9F04707468846F6
:10C1A0001646C24607EB4701DE48483800EBC10996
:10C1B000D9F8140020B1012811D0022826D11EE0A0
:10C1C0004846FFF707FE0546B54201D2002405E0C8
:10C1D0003446324651464846FFF7C0FD18E048460F
:10C1E000FFF7F8FD0546B54201D2284600E030468B
:10C1F0000446224651464846FFF7B0FD08E0324665
:10C2000051464846FFF76FFD044601E0002400BF99
:10C2100000BF2046BDE8F0872DE9F04104460D46F9
:10C22000164600BFBF4F603F3878532801D0FFF754
:10C2300031FD00BFEFF311800746202080F3118805
:10C2400000BF00BF324629462046FFF766FF804602
:10C25000F8B280F3118800BF00BF4046BDE8F0810E
:10C260002DE9F04104460D46164600BFAD4F603F34
:10C270003878532801D0FFF70DFD00BFEFF3118090
:10C280000746202080F3118800BF00BF32462946B0
:10C290002046FFF781FF8046F8B280F3118800BF87
:10C2A00000BF4046BDE8F08170B505460C4620460B
:10C2B00000F0E6FF0646324621462846FFF7D0FF4B
:10C2C00070BDF0B503460C4603EB4307954E483E60
:10C2D00006EBC701CE68721C8E68964200D1002220
:10C2E0000E69964206D0CF684E68F5192C70CA6068
:10C2F000012000E00020F0BD2DE9F0470746884608
:10C3000000BFDFF820A2AAF1600A9AF800005328C3
:10C3100001D0FFF7BFFC00BFEFF3118108462021D9
:10C3200081F3118800BF00BF07EB47027D49483900
:10C3300001EBC204E1684D1CA168A94200D10025AF
:10C340002169A94208D0E268616801EB020989F815
:10C350000080E560012600E00026C1B281F311886B
:10C3600000BF00BF3046BDE8F0872DE9F047074623
:10C37000884600BFDFF8ACA1AAF1600A9AF8000075
:10C38000532801D0FFF786FC00BFEFF31181084668
:10C39000202181F3118800BF00BF07EB47026149EC
:10C3A000483901EBC204E1684D1CA168A94200D1E3
:10C3B00000256169022903D100BF2169A942FCD08F
:10C3C0002169A94208D0E268616801EB020989F895
:10C3D0000080E560012600E00026C1B281F31188EB
:10C3E00000BF00BF3046BDE8F08738B5012269467E
:10C3F0000020FFF7BFFD0446012C02D19DF800404C
:10C4000001E04FF0FF34204638BD10B500BFFFF704
:10C41000ECFF0028FBDB10BD2DE9F04100BF414FD0
:10C42000603F3878532801D0FFF734FC00BF3D4C03
:10C430002669E068B04201D0012500E000252846C9
:10C44000BDE8F08110B5014601EB4104354800EB31
:10C45000C402D3681069181A10BD10B5014601EB6B
:10C4600041043048483800EBC4021369D068C01A50
:10C4700010BD2DE9F04706460F469046994600BF8D
:10C48000DFF8A0A0AAF1600A9AF80000532801D0B2
:10C49000FFF700FC00BFEFF311810846202181F374
:10C4A000118800BF00BF1F4D603D002400BF04EB9A
:10C4B000440205F1600101EBC201496801B903E0E2
:10C4C000641C6969A142F2DC00BF6969A1422EDDEA
:10C4D00004EB440205F1600141F8326004EB4402D0
:10C4E00001EBC2014F6004EB440205F1600101EB76
:10C4F000C201C1F80880002204EB440305F1600189
:10C5000001EBC3010A6104EB440305F1600101EB97
:10C51000C301CA6004EB440205F1600101EBC201F2
:10C5200002E0000044E70020C1F8149001E04FF061
:10C53000FF34C1B281F3118800BF00BF2046BDE8BF
:10C54000F0872DE9F04706460F469046994600BF12
:10C55000DFF800A49AF80000532801D0FFF79AFBF7
:10C5600000BFEFF311810846202181F3118800BF3D
:10C5700000BFF84D002400BF04EB440205F1180190
:10C5800001EBC201496801B903E0641C2969A142B9
:10C59000F2DC00BF2969A1422ADD04EB440205F167
:10C5A000180141F8326004EB440201EBC2014F6014
:10C5B00004EB440205F1180101EBC201C1F8088047
:10C5C000002204EB440305F1180101EBC3010A61E9
:10C5D00004EB440305F1180101EBC301CA6004EB4D
:10C5E000440205F1180101EBC201C1F8149001E009
:10C5F0004FF0FF34C1B281F3118800BF00BF204665
:10C60000BDE8F0872DE9F05F05460F469046994654
:10C6100000BFDFF840B39BF80000532801D0FFF7BC
:10C6200039FB00BFDFF82CA3032D1FD2EFF31181DC
:10C630000846202181F3118800BF00BF05EB4502A9
:10C640000AF1180101EBC2043DB12760C4F804806F
:10C65000C4F8089000212161E1600A996161C1B2CA
:10C6600081F3118800BF00BF002601E04FF0FF36C4
:10C670003046BDE8F09F2DE9F05F05460F46904635
:10C68000994600BFDFF8CCB29BF80000532801D0D8
:10C69000FFF700FB00BFDFF8BCA2032D1FD2EFF3B2
:10C6A00011810846202181F3118800BF00BF05EBEE
:10C6B00045020AF1600101EBC2043DB12760C4F8F4
:10C6C0000480C4F8089000212161E1600A99616149
:10C6D000C1B281F3118800BF00BF002601E04FF016
:10C6E000FF363046BDE8F09F2DE9F04704460E4680
:10C6F00000BFDFF8609299F80000532801D0FFF7DF
:10C70000C9FA00BF934F032C16D2EFF311810846EC
:10C71000202181F3118800BF00BF04EB440207F120
:10C72000180101EBC208C8F80060C1B281F311889A
:10C7300000BF00BF002501E04FF0FF352846BDE8EF
:10C74000F0872DE9F04704460E4600BFDFF804925B
:10C7500099F80000532801D0FFF79CFA00BF7D4FE5
:10C76000032C16D2EFF311810846202181F31188A2
:10C7700000BF00BF04EB440207F1600101EBC208F7
:10C78000C8F80060C1B281F3118800BF00BF002566
:10C7900001E04FF0FF352846BDE8F0872DE9F0476E
:10C7A00004460E4600BFDFF8AC9199F8000053280C
:10C7B00001D0FFF76FFA00BF664F032C16D2EFF3DC
:10C7C00011810846202181F3118800BF00BF04EBCE
:10C7D000440207F1180101EBC208C8F81460C1B2A5
:10C7E00081F3118800BF00BF002501E04FF0FF3545
:10C7F0002846BDE8F0872DE9F04704460E4600BF05
:10C80000DFF8509199F80000532801D0FFF742FA61
:10C8100000BF504F032C16D2EFF3118108462021A0
:10C8200081F3118800BF00BF04EB440207F16001EF
:10C8300001EBC208C8F81460C1B281F3118800BFCF
:10C8400000BF002501E04FF0FF352846BDE8F08726
:10C8500010B5FFF71FFA10BD2DE9F843044600BFDD
:10C86000DFF8F08098F80000532801D0FFF712FAA3
:10C8700000BF0027FF208DF80000102C31D2364871
:10C88000005D8DF80100334D1835EFF311808046BF
:10C89000202080F3118800BF00BF287D00F0030036
:10C8A000022807D12D480470022269462846FFF766
:10C8B0001AFA0FE02846FFF78DFA0646022E07D334
:10C8C00026480470022269462846FFF747FA01E02D
:10C8D0004FF0FF3708F0FF0080F3118800BF00BF62
:10C8E00001E04FF0FF373846BDE8F8832DE9F04707
:10C8F0000746894600BFDFF85CA09AF8000053287D
:10C9000001D0FFF7C7F900BF102F70DADFF84480BD
:10C9100008F11808484600F0B3FC0646EFF3118012
:10C920008246202080F3118800BF00BF4046FFF7F9
:10C9300051FA054698F8140000F0030020B10128D0
:10C940001ED0022847D136E0301D854208D200248F
:10C9500015E00000E4E60020A8F00008441E0020D6
:10C9600039464046FFF726FA324649464046FFF729
:10C97000BAF90446364801784046FFF71BFA2DE025
:10C98000042D02D24FF0FF3414E039464046FFF741
:10C9900011FA281FB04201D9304600E0281F024694
:10C9A00049464046FFF79FF904462948017840462A
:10C9B000FFF700FA12E039464046FFF7FBF932462E
:10C9C00049464046FFF78FF9044621480178404622
:10C9D000FFF7F0F902E04FF0FF3400BF00BF0AF0AC
:10C9E000FF0080F3118800BF00BF02E0FFE74FF0B7
:10C9F000FF342046BDE8F08770B5044604EB4401DF
:10CA0000144800EBC1052846FFF7E4F970BD70B586
:10CA10000146104C183C01EB410604F1180505EBEA
:10CA2000C6052A6901EB410604F1180505EBC605A8
:10CA3000EB689A4201D8981A08E001EB410604F12C
:10CA4000180505EBC605AD689E1AA81B70BD000051
:10CA5000441E0020FCE6002070B504460E46A56882
:10CA6000681C6168814206D320684655681CA06036
:10CA7000E068401CE060D4E9011088420DD1A26852
:10CA800021682069FFF7ECFBA168884203D04FF0D2
:10CA9000FF30E06001E00020A06070BD2DE9FC5F88
:10CAA0008046894615461E460C9CCDF80490012709
:10CAB000BB4605E00198B0FBF5F001900BF1010BCE
:10CAC0000198A842F6D25E4500D9B3460D9800F011
:10CAD0000100D0B9CCB10D9800F00200022803D1BA
:10CAE00016B93020009001E02020009009E0641E7B
:10CAF00040460099FFF7B0FFD8F80C00002800DA94
:10CB000002E00CB1A345F2D300BFD8F80C00002816
:10CB100035DB09E0012E01D9761E04E0B9FBF7FAF6
:10CB2000AA4500D201E06F43F4E700BF00BFB9FBA4
:10CB3000F7FA0AFB1799D94810F80A104046FFF790
:10CB40008BFFD8F80C00002800DA03E0B7FBF5F7FC
:10CB5000002FECD100BF0D9800F0010078B174B146
:10CB600009E0641E20214046FFF776FFD8F80C004C
:10CB7000002800DA02E00CB1A345F2D300BFBDE803
:10CB8000FC9F2DE9FC5F06460F4692469846DDE97C
:10CB90000C45002F01DA784200E0384683464FF01A
:10CBA000010903E09BFBFAFB09F10109D345F9DA1E
:10CBB000C84500D9C14634B1002F03DB05F004009D
:10CBC000042800D1641E05F0020010B1B8F1000F76
:10CBD00011D005F0010070B96CB108E0641E20218D
:10CBE0003046FFF739FFF068002800DA02E00CB1A8
:10CBF000A145F3D300BFF068002836DB002F05DA2B
:10CC00007F422D213046FFF727FF07E005F00400A3
:10CC1000042803D12B213046FFF71EFFF0680028BF
:10CC200023DB05F00200022814D105F0010088B9C9
:10CC3000B8F1000F0ED16CB108E0641E302130460F
:10CC4000FFF70AFFF068002800DA02E00CB1A14506
:10CC5000F3D300BFF068002807DB4346524639464D
:10CC60003046CDE90045FFF719FFBDE8FC9F2DE9EF
:10CC7000F04F99B082460D46144603A81490402008
:10CC8000159000201690CDF860A0179000BF2E7868
:10CC90006D1C06B9DDE0252E79D100274FF0010982
:10CCA00000BF2E78232E12D02B2E0CD02D2E02D08A
:10CCB000302E10D103E047F001076D1C0EE047F065
:10CCC00002076D1C0AE047F004076D1C06E047F000
:10CCD00008076D1C02E04FF0000900BF00BFB9F16A
:10CCE000000FDED14FF0000800BF2E78302E01DBA0
:10CCF000392E00DD07E06D1CA6F1300008EB88013D
:10CD000000EB4108F1E700BF002013902E782E2E93
:10CD100012D16D1C00BF2E78302E01DB392E00DDC4
:10CD200009E06D1CA6F13000139901EB810100EBC5
:10CD300041001390EFE700BF2E7800BF6C2E01D0AA
:10CD4000682E02D16D1C2E7800E000E0F6E700BFEF
:10CD5000702E5DD008DC252E6AD0582E35D0632E7B
:10CD600009D0642E69D113E0732E3CD0752E1DD0EE
:10CD7000782E62D128E02168081D2060D1F800904B
:10CD800009F0FF0B594614A8FFF766FE56E058E07D
:10CD90002168081D2060D1F80090CDE900870A22A3
:10CDA000494614A8139BFFF7ECFE47E02168081DD5
:10CDB0002060D1F80090CDE900870A22494614A8E6
:10CDC000139BFFF76BFE39E000BF2168081D206050
:10CDD000D1F80090CDE900871022494614A8139B92
:10CDE000FFF75CFE2AE02168081D2060D1F800B042
:10CDF00000BF9BF800600BF1010B06B906E031465D
:10CE000014A8FFF729FE17980028F2DA00BF15E0F2
:10CE10002168081D2060D1F80090002008210B46F1
:10CE20001022CDE90010494614A8FFF737FE05E0AF
:10CE3000252114A8FFF710FE00E000BF00BF6D1C05
:10CE400003E0314614A8FFF707FE17980028BFF645
:10CE50001EAF00BF179800280ADD169820B103A95D
:10CE60005046169AFFF7FCF9DDE9161008441790B2
:10CE7000179819B0BDE8F08F0FB438B5044606A86E
:10CE800000906A4620460599FFF7F1FE054600200E
:10CE90000090284638BC5DF814FB0000C9F000087B
:10CEA000704700007CB51D4616460C00009001D06E
:10CEB0002044401E074B7B442A4669460190304679
:10CEC00000F09BFB05461CB10020694600F0A8FB62
:10CED00028467CBD710700000FB4044910B503AAB1
:10CEE000029800F0C1FB10BC5DF814FB8C1500200B
:10CEF0000FB47CB50C0009AA009001D02044401E5C
:10CF0000084B7B4469460190089800F076FB054683
:10CF10001CB10020694600F083FB28467CBC5DF80C
:10CF200014FB00002507000070B504468569006801
:10CF3000C10601D5302600E02026C00707D070BD0D
:10CF4000D4E9012130469047206A401C20626D1EC2
:10CF5000F6D570BD70B5044685690078C00707D165
:10CF600070BDD4E9012120209047206A401C206236
:10CF70006D1EF6D570BD70B50C460546012A05D06C
:10CF80002878800600D5EA69002302E0012305E045
:10CF90005B1C934202D2E05C0028F9D1A869E61834
:10CFA000C01AA861286A184428622846FFF7BCFF07
:10CFB00004E0D5E9012114F8010B9047B442F8D3FD
:10CFC0002846FFF7C7FF70BD2DE9F0410646002453
:10CFD00010687529314616A510D000F08AFA00288D
:10CFE00002DA404213A507E031688A0701D512A58D
:10CFF00002E0490704D511A5012401E000F082FAFE
:10D0000000210A2206F1240709E0B0FBF2FCB0FB84
:10D01000F2F302FB1C00303078541846491C0028FB
:10D02000F3D123462A463046BDE8F04100F073BAFA
:10D03000000000002D0000002B0000002000000078
:10D04000F0B40D460188090502D5214C7C4402E06C
:10D050001F4C7C440E34002100F1240608E002F04D
:10D060000F071209E75D42EA03721B097754491C56
:10D0700052EA0307F3D102780023120704D5702D7A
:10D0800006D009B1022311342246F0BC00F043BAA5
:10D0900001231034F8E770B504460D4621461068A8
:10D0A00000F030FA024629462046BDE870400023D1
:10D0B000C6E7D21D22F00703D3E90023C0E70368C7
:10D0C000126843F0200303600823C3610023B7E71D
:10D0D000892000002DE9F05F894604464FF0000AE0
:10D0E000DFF874B1FB44C0F820A02046E16888470F
:10D0F000002874D0252806D0D4E901219047206A61
:10D10000401C2062F1E700265F462046E168884720
:10D110002028054607DB312D05D2781910F8200CA0
:10D1200008B10643F1E7B00701D526F00406C4F8BC
:10D130001CA00027C4F818A02A2D09D0284601F009
:10D14000C9FC38B304EB8708303DC8F8185019E023
:10D1500059F8041B204604EB87029161E168884777
:10D16000012F054618D1E069002820DA26F02006B4
:10D170001DE0D8F8180000EB800005EB40003038C7
:10D18000C8F818002046E1688847054601F0A2FC6F
:10D190000028EED1012F0AD02E2D08D12046E168BB
:10D1A00088477F1C0546022F46F02006C4DBA06995
:10D1B000002803DA404246F00106A061F00701D0E2
:10D1C00026F010066C2D0BD0682D09D04C2D39D0CF
:10D1D0006A2D35D0742D35D07A2D33D016E038E055
:10D1E000E1682F4620468847B842054609D16C2F92
:10D1F00026D04FF48060E168064320468847054604
:10D2000004E06C2F1AD04FF4807006430DB3A5F1E3
:10D210004100192802D8203546F400664A462946BE
:10D22000204626604E46F3F709F880B101280BD05E
:10D23000F61D26F0070000F1080956E74020E4E754
:10D240008020D8E70020D6E706F104094DE72846FC
:10D2500052E7206ABDE8F09F1920000030B505466E
:10D260000B462A4613F8014B12F8010B08B1A042F5
:10D27000F8D01CB1002802D06D1CF1E7284630BD63
:10D2800010B5431C02E010F8011B71B18107FAD1FF
:10D290004FF0013202C88C1A8C4314EAC211F9D043
:10D2A000C01A0A0603D0C01E10BDC01A10BD0A0461
:10D2B00001D0801E10BD0902FCD0401E10BDCBB2B3
:10D2C0002AB101788B4203D0401C521EF9D10020B4
:10D2D000704740EA010370B59B072ED14FF001362D
:10D2E000042A2AD308C810C99D1B9D43121F15EAA2
:10D2F000C61517D0D8B2E1B2401A50EA056110D174
:10D3000098B2A1B2401A50EA05410AD123F07F40F9
:10D3100024F07F41401A50EA052102D1180EA0EBFB
:10D32000146070BDA342DBD018BA21BA884201D97B
:10D33000012070BD4FF0FF3070BD0AB9002070BDF4
:10D3400010F8013B11F8014B63B1A3420AD1521E00
:10D3500008D010F8013B11F8014B1BB1A34201D1D9
:10D36000521EEDD1181B70BD032A40F2308010F020
:10D37000030C00F0158011F8013BBCF1020F624470
:10D3800098BF11F801CB00F8013B38BF11F8013B01
:10D39000A2F1040298BF00F801CB38BF00F8013BAE
:10D3A00011F0030300F04682083AC0F0088051F8FB
:10D3B000043B083A51F804CBA0E80810F5E7121D29
:10D3C0005CBF51F8043B40F8043BAFF30080D20748
:10D3D00024BF11F8013B11F801CB48BF11F8012B14
:10D3E00024BF00F8013B00F801CB48BF00F8012B37
:10D3F000704702F0FF0343EA032242EA024200F0D0
:10D4000002B84FF000020429C0F0128010F0030CA3
:10D4100000F01B80CCF1040CBCF1020F18BF00F827
:10D42000012BA8BF20F8022BA1EB0C0100F00DB8D6
:10D430005FEAC17C24BF00F8012B00F8012B48BF34
:10D4400000F8012B70474FF0000200B513469446D8
:10D450009646203922BFA0E80C50A0E80C50B1F14C
:10D460002001BFF4F7AF090728BFA0E80C5048BF60
:10D470000CC05DF804EB890028BF40F8042B08BFFE
:10D48000704748BF20F8022B11F0804F18BF00F8FA
:10D49000012B704710B5044610F0030F08BF11F0C0
:10D4A000030F40F015804FF0013E121FC0F20E80B6
:10D4B00051F8043BA3EB0E0C2CEA030C1CEACE1C27
:10D4C00008BF40F8043BF0D0A1F1040102F10402CE
:10D4D000521E08DB11F8013B002B00F8013BF7D18D
:10D4E0001146FFF78EFF204610BD7047704770470A
:10D4F000704709684A0501D540B27047C905FCD597
:10D5000000B2704709684A0501D5C0B27047C90525
:10D51000FCD580B270472DE9F0470D4699469246FA
:10D52000044600F124080168880604D5E06921F06A
:10D530001001216000E00120A84201DD471B00E04E
:10D540000027A1697A1902EB0900081AA061207866
:10D55000C00602D42046FFF7E7FC002608E0D4E925
:10D5600001211AF806009047206A401C761C2062B0
:10D570004E45F4DB2078C0060AD52046FFF7D4FCE0
:10D5800006E0D4E9012130209047206A401C206247
:10D59000381EA7F10107F4DC07E0D4E9012118F8EF
:10D5A00005009047206A401C2062281EA5F1010555
:10D5B000F3DC2046FFF7CEFC2078000602D50220DF
:10D5C000BDE8F0870120FBE711680268006A530597
:10D5D00001D508700AE0D30501D5088006E01306DE
:10D5E00003D5C217C1E9000200E0086001207047BE
:10D5F00001694A1C02610878704700B58FB0CDE917
:10D6000001310021059105497944CDE90310114606
:10D610006846FFF75FFD0FB000BD0000E5FFFFFFAC
:10D620000A6802F8010B0A607047D1E900239A42A8
:10D6300002D2531C0B601070704710B5436913B1D0
:10D64000AFF3008001E0FFF796FC012010BD1278D7
:10D6500000F124010A7000224A700122EDE71168EE
:10D660004FF0FF32E9E70000074B70B50D467B44F1
:10D67000FFF7C3FF0446284600F0F6FC10B14FF058
:10D68000FF3070BD204670BD8377FFFF2DE9FF5F3F
:10D6900015468A460446DFF8AC80F8440027D8E9EE
:10D6A00000103E46CDE9001010E03AF816106A4628
:10D6B00002A800F0DDFC411C07D02178890603D5C3
:10D6C000E269391891420DD80744761C207880060B
:10D6D00002D5E069B84205DDAE42E6DB3AF8160055
:10D6E0000028E2D1A069C01BA0612046FFF71CFC06
:10D6F000D8E90010CDE90010002017E03AF8181022
:10D700006A4602A800F0B4FCB0F1FF3F81460BD09E
:10D7100000250DF1080B05E0D4E901211BF80500F7
:10D7200090476D1C4D45F7D308F10100B04280468B
:10D73000E4DB206A384420622046FFF70BFCBDE89A
:10D74000FF9F0000761A00002DE9F0418046D21DAF
:10D7500022F007020025D2E90002F52915A614D00F
:10D76000011E72F1000106DA0023D0EB030063EB27
:10D77000020211A608E0D8F800108B0701D50FA609
:10D7800002E0490701D50EA601251146002408F143
:10D79000240704E000F080F830323A55641C50EA67
:10D7A0000102F7D12B46324621464046BDE8F04102
:10D7B000FFF7B1BE000000002D0000002B000000AC
:10D7C0002000000030B4002100F1240408E002F041
:10D7D0000705D208303542EA4372DB086554491C1C
:10D7E00052EA0305F3D10468002310A2250707D5E8
:10D7F000A40600D421B1C46901230DA2641EC46132
:10D8000030BCFFF788BE10B5044621461068FFF70C
:10D8100079FE02462046BDE810400023D2E7D21D23
:10D8200022F00701D1E90023CCE70000000000004E
:10D830003000000010B5203AC0F00B80B1E818505D
:10D84000203AA0E81850B1E81850A0E81850BFF4EA
:10D85000F5AF5FEA027C24BFB1E81850A0E8185089
:10D8600044BF18C918C0BDE810405FEA827C24BFDD
:10D8700051F8043B40F8043B08BF7047D20728BF6B
:10D8800031F8023B48BF11F8012B28BF20F8023BBA
:10D8900048BF00F8012B704730B5B0F10A024FEADB
:10D8A000900E71F100034EEA817EB0EB0E0061EB49
:10D8B00091014FEA101E4EEA017E10EB0E0041EB83
:10D8C00011114FEA102E4EEA016E10EB0E0041EBE3
:10D8D00011214FEA104E4EEA014E10EB0E0041EBC3
:10D8E0001141401841F100014FEAD00040EA417077
:10D8F0004FEAD10110EB80054FEA810444EA9074AD
:10D9000044EB01046D1944EB0404521BA3414FF096
:10D91000000348BF0A3200D530BD401C41F1000170
:10D9200030BD70472DE9FF4F0C461E464FF0FF37C4
:10D930008BB0D2E90001DDF860800A908A46C1F31D
:10D940000A5505B93D46002108464FF00000BAF1DE
:10D95000000F00F4400005DA00EB80004FF44001B6
:10D9600001EA50004FEA9059B9F1010F00DDB946C4
:10D970000A9850EA4A000ED044F61050A5F2FF353E
:10D9800045432F14B8F1000F1ED07542291E1EDD2D
:10D99000C9F100021CE0B8F1010F4FF0000001D006
:10D9A000302103E0F24305E02154401CB042FBDB90
:10D9B00030460022002121540B99C1F80880C1E9AA
:10D9C00000200FB0BDE8F08FBD1B6D1CDEE74A469E
:10D9D00000DA694206A800F0DDFB06AB93E8070019
:10D9E00003AB83E8070050460A9900F093FC8DE8EA
:10D9F0000700A0F500501F3800900398002D0ADDA5
:10DA000042F21F014A460844002303A903906846D6
:10DA100000F0FCFE09E0A0F500504A461F38002344
:10DA200003A90390684600F006FF8DE80700000494
:10DA3000000C03D04FF0FF30410800E01046B8F171
:10DA4000000F03D00022009215461EE0751E05D47B
:10DA5000FFF722FF303262556D1EF9D5B346012221
:10DA6000084302D000227F1C04E02078302801D136
:10DA700000227F1E002A099784D01DE0112D07DAAD
:10DA8000FFF70AFF303262556D1C50EA0102F5D1F2
:10DA9000084302D00098C8B10EE00021681E05E0DE
:10DAA000235C625C63542254401E491C8142F7DBB4
:10DAB000AB46A81B401E0990002004F80B000B98F1
:10DAC000099AC0F80880C0E9002B7AE711264FF0C8
:10DAD000000857E72DE9F04F88460446D21D22F092
:10DAE000070191B0D1E90001CDE90A0100F0DAFFA8
:10DAF00002460B98C00F01D02D2007E02068810757
:10DB000001D52B2002E0202101EAC000032A099060
:10DB100001D0072A05DB03464146204600F0FAFA09
:10DB20000BE12078800601D5E06900E00620B8F11D
:10DB3000650F814606D0B8F1660F18D0B8F1670FAF
:10DB400070D131E00020B9F1110F009001DB1123F9
:10DB500001E009F101030AAA01A90CA8FFF7E2FEFE
:10DB6000DDE90C70002609F10105834647E001203C
:10DB70004B4600904FF000470AAA01A90CA8FFF7F6
:10DB8000D1FEDDE90DB00C995D46002610B909F112
:10DB900001000D18B9EB050003D4C0F1FF3609F1FF
:10DBA0000105A5EB09002BE0B9F1010F01DA4FF0F7
:10DBB00001090020B9F1110F0090484601DD112341
:10DBC00000E003460AAA01A90CA8FFF7ABFEDDE9B5
:10DBD0000C704D4600268346207800070AD4AB45DA
:10DBE00000DA5D4601A8012D04DD411911F8011C80
:10DBF000302907D04F4502DA17F1040F04DA01206B
:10DC000082460FE06D1EEEE7002F02DCED1B3E4466
:10DC100003E0781CA84200DD7D1CB81B00F1010A5E
:10DC20004FF000472078000703D4AA4501DB4FF0EE
:10DC3000FF3A0021B7F1004F0DF143088DF8431072
:10DC400024D002202B23002F01DA7F422D230A212A
:10DC5000021EA0F1010000DC5FB197FBF1FC97FB15
:10DC6000F1F201FB1C7C17460CF1300C08F801CDD9
:10DC7000EEE7A8F1010003702188090501D54521CF
:10DC800000E06521A0F1010800F8011C09980FA926
:10DC9000A1EB0807FF1D00B10120411901EBEA705B
:10DCA000A1693844081A401EA0612078C00602D439
:10DCB0002046FFF739F9099828B1D4E901219047A6
:10DCC000206A401C20622078C00622D52046FFF73B
:10DCD0002BF91EE0002E04DBB34502DD01A8805DB8
:10DCE00000E03020D4E901219047206A401C2062E6
:10DCF000761CAAF101005FEA000A0AD100F006FAD8
:10DD0000C0680168405CD4E901219047206A401C4A
:10DD10002062281EA5F10105DCDC07E0D4E9012121
:10DD200018F8010B9047206A401C2062381EA7F1AA
:10DD30000107F3DC2046FFF70DF9032011B041E69F
:10DD40002DE9F04F04460D46D21D22F0070089B0A0
:10DD5000D0E900974846394600F0A4FE0246F80F85
:10DD600001D02D2307E02068810701D52B2302E095
:10DD7000202101EAC0038DF820300BB1012000E022
:10DD80000020032A824601D0072A04DB29462046C8
:10DD900000F0C0F93FE12078800601D40D2500E0B5
:10DDA000E569C7F30A560D2D49DA00214FEA175BE2
:10DDB00008464FF00000002F00F4400007DA00EBA7
:10DDC00080004FF4400100EBD07001EA6000811543
:10DDD000012901DD4FF0FF3100224FEA850CBCF133
:10DDE000180F06D31346ACF118004FF08052C24012
:10DDF00003E04FF4801323FA0CF30CF10C0CBCF18C
:10DE0000200F04D3ACF1200C09FA0CF001E007FA62
:10DE10000CF000294FF0004801DD18B90FE00ED1D9
:10DE200040450CD319EB02095F4121B9404502D1AD
:10DE30009F4329EA0209BBEB175F00D0761C2088BC
:10DE4000000502D57B48784402E07A4878441938C6
:10DE500008AA302302F80A30037C0AF10101002EDF
:10DE60000AF1020A53546A4602DC4FF0300101E025
:10DE70004FF031014FF001088DF8001002D0A6F2EA
:10DE8000FF3603E059EA470100D06B4E002D02DC5B
:10DE90002178090704D54FF002082E218DF80110D2
:10DEA000C44600210BE0C7F303433F01C35C491C98
:10DEB0006D1E02F80830052908F1010801DA002D6D
:10DEC000F1DC00210CE000EB1973491C1B786D1E7E
:10DED000082902F808304FEA091908F1010801DAA7
:10DEE000002DF0DC21688B0602D516E0A8F10108B0
:10DEF000E04505DD02EB080313F8013C302BF5D0BB
:10DF0000B8F1000F09DD02EB080313F8013C2E2BDA
:10DF100003D1090701D4A8F10108002D05DD3E2138
:10DF200002F808106D1E08F10108407C002E02F86E
:10DF3000080008F1010804DA2D20764202F80800F2
:10DF400002E02B2002F808000A214FF47A70864282
:10DF500008F101080BDB96FBF0F3303302F80830D0
:10DF600096FBF0F308F1010800FB136601E0642E54
:10DF70000CDB642096FBF0F3303302F8083096FB9C
:10DF8000F0F308F1010800FB136601E00A2E06DB3E
:10DF900096FBF1F0303002F8080008F1010896FB1A
:10DFA000F1F001FB1060303002F80800A16908F1BF
:10DFB000010808EB050202EB0A00081AA0612078AC
:10DFC000C00602D42046FEF7AFFF216A08AE01EB7F
:10DFD0000A00206204E0D4E9012116F8010B904701
:10DFE000BAF1010AF7D22078C00602D52046FEF722
:10DFF0009BFF6E4609E016F8010B3E280FD0D4E9CE
:10E0000001219047206A401C2062B8F10108F2D239
:10E010002046FEF79FFF09B00320BDE8F08F206A7D
:10E020002844206203E0D4E90121302090476D1E8E
:10E03000EBD3F8E7E512000002FCFFFF10B54369DF
:10E0400013B1AFF3008001E0FFF720FB012010BD0A
:10E05000128800F1240182840022C2840122EDE7AB
:10E0600011684FF0FF32E9E7007B00F08000704755
:10E0700070B516460C46054600F040F8036893F864
:10E080000101012806D0FF2C0FD8185D68B10120CE
:10E090002C7070BDD3F807013246214603F20713F6
:10E0A00003442846BDE8704018474FF0FF3070BD6C
:10E0B000754600F0EBF8AE4605006946534620F081
:10E0C0000700854618B020B5F2F732F9BDE82040C8
:10E0D0004FF000064FF000074FF000084FF0000B24
:10E0E00021F00701AC46ACE8C009ACE8C009ACE8D7
:10E0F000C009ACE8C0098D467047000010B500F0BB
:10E1000005F8001D10BD00BF410A0000004870471F
:10E11000BCEB00202DE9F0411F46044603260168B0
:10E12000072A01F4006004DB08B116A505E016A576
:10E1300003E008B115A500E015A521F0100020604E
:10E14000A069C01EA0610FB1401EA0612046FEF76D
:10E15000EBFE4FB1D4E9012138469047206A401CBC
:10E160002062C01C206206E0206AFAE7D4E901219F
:10E1700015F8010B9047761EF8D22046FEF7EAFE0E
:10E18000BDE8F0814E414E006E616E00494E460082
:10E19000696E66002DE9F047814616468AB035481B
:10E1A00078440DC88DE80D0032487844801C03ACDB
:10E1B0000DC884E80D0041F69B300844372190FBE0
:10E1C000F1F290FBF1F5A5F1800501FB12041B3C77
:10E1D00002D56442012000E00020DFF898A08046CC
:10E1E0000027FA44AAF1BE0A0EE0E0070AD0324640
:10E1F000684607EB470101230AEB810100F01BFB96
:10E200008DE8070064107F1C002CEED1194F7F446D
:10E21000AE3F19E0E80715D007EB04100DF1180A1E
:10E2200090E80E008AE80E00C068F04201D198190B
:10E2300008903246012306A903A800F0FCFA03ABBC
:10E2400083E807006D10641C002DE3D14FF001033B
:10E2500032466946B8F1000F03A802D000F0D6FAA2
:10E2600001E000F0E8FAC9E90001C9F808200AB0A5
:10E27000BDE8F0871C10000010B50446AFF3008025
:10E280002046BDE81040F2F73EB800000048704755
:10E290009CEB00204FF0013C50F8042B51F8043B5C
:10E2A0009A4221D1A2EB0C03934313EACC1317D16A
:10E2B00050F8042B51F8043B9A4215D1A2EB0C0301
:10E2C000934313EACC130BD150F8042B51F8043BC1
:10E2D0009A4209D1A2EB0C03934313EACC13DBD08F
:10E2E0004FF00000704700BFD01A01BAB1FA81F1B7
:10E2F00001F0180122FA01F0CB40C1F12001DBB29C
:10E30000C0B2C01A2CFA01F3D11A914311EAC31119
:10E31000E6D170475FEA400C08BF91F0000F4FEA6A
:10E320008C234FEAC12243EA51514FEA1C5018BFD7
:10E3300000F5F0404FEA300018BF41F000415FEABD
:10E340006C5C00F02980BCF1FF3F08BF40F08040CA
:10E350007047130C06BF12044FF0100C4FF0000C66
:10E36000130E04BF12020CF1080C130F04BF1201AC
:10E370000CF1040C930F04BF92000CF1020CD30FAC
:10E3800004BF52000CF1010C11464FF00002A0F145
:10E390001F00A0EB0C00704711F0004F08BF704742
:10E3A00031F000413FF4D5AF0B0C06BF09044FF02C
:10E3B000100C4FF0000C0B0E04BF09020CF1080CFE
:10E3C0000B0F04BF09010CF1040C8B0F04BF890073
:10E3D0000CF1020CCB0F04BF49000CF1010CCCF185
:10E3E0002003A0EB0C0022FA03F302FA0CF241EA3C
:10E3F000030100F10100704720F07F4C80EA030028
:10E4000023F07F47ACEB070303F57C5300F000409B
:10E4100003F1FF032DE980494FEA154B09B44FEA98
:10E42000144325EA0B4E24EA03480FF2042606EBB8
:10E43000132749083E785FEA320203FB0667C7F5F7
:10E44000000707FB06F64FEA54374FEAD64606F1B7
:10E45000020607FB066CCCF1005C4FEA1C472CEA75
:10E46000074C07FB06F40CFB06F504EB15464FEAD8
:10E47000961634BF00204FF000404FEAD13706FB1C
:10E4800007FC4FEA1C4C0CFB0BF7D21B03FB0CF7F1
:10E4900061EB07010CFB0EF7B0EB074072EB174284
:10E4A0000CFB08F734BFA2EB0742B2EB074261EB6B
:10E4B00017414FEA0C444FEA910706FB07FC4FEA6D
:10E4C0001C4C0CFB0BF7B0EBC74072EB573203FB55
:10E4D0000CF734BFA2EBC742B2EBC74261EB573136
:10E4E0000CFB0EF7B0EBC70072EB57720CFB08F792
:10E4F00034BFA2EBC702B2EBC70261EB5771039FB7
:10E500004FEA816141EA921104EBCC044FEAD13722
:10E510004FEA826206FB07FC42EA90124FEA8060F3
:10E520004FEA1C4C0CFB0BF7D21B03FB0CF761EB07
:10E5300007010CFB0EF7B0EB074072EB17420CFB28
:10E5400008F734BFA2EB0742B2EB074261EB174179
:10E550004FEA8C554FEA910704EB9C2406FB07FC1D
:10E560004FEA1C4C0CFB0BF7B0EBC74072EB573279
:10E5700003FB0CF734BFA2EBC742B2EBC74261EB1F
:10E5800057310CFB0EF7B0EBC70072EB57720CFB68
:10E5900008F734BFA2EBC702B2EBC70261EB5771B9
:10E5A00015EB4C254FEA816141EA92114FEA8262F4
:10E5B0004FEAD13742EA901206FB07FC44F100040F
:10E5C0004FEA80604FEA1C4C0CFB0BF7D21B03FB9D
:10E5D0000CF761EB07010CFB0EF7B0EB074072EB99
:10E5E00017420CFB08F734BFA2EB0742B2EB07421D
:10E5F00061EB174115EB1C154FEA813141EA92415D
:10E600004FEA823242EA90424FEA80304FEA0C767B
:10E6100044F1000448EA03434EEA0B484FF0000E71
:10E62000B2EB080C71EB030724BF624639464EEB90
:10E630000E0E4FF0000B0018524149414BEB0B0BF3
:10E64000B2EB080C71EB03077BF1000B24BF6246B1
:10E6500039464EEB0E0E4FF0000B00185241494167
:10E660004BEB0B0BB2EB080C71EB03077BF1000BD0
:10E6700024BF624639464EEB0E0E51EA020718BF20
:10E6800046F0010616EB0E7655F1000254F100013A
:10E6900003D5BDE88901BDE80088BDE88901BDE872
:10E6A0000048B619524141EB0101A3F10103704743
:10E6B00080807F7E7D7C7B7A7978777676757473BF
:10E6C000727171706F6E6E6D6C6C6B6A6A6968687E
:10E6D000676666656464636362616160605F5F5E14
:10E6E0005E5D5D5C5C5B5B5A5A595958585757568A
:10E6F00056555555545453535252525151505050EF
:10E700004F4F4F4E4E4D4D4D4C4C4C4B4B4B4A4A40
:10E710004A49494948484847474747464646454584
:10E7200045444444444343434342424242414141BD
:10E73000002B9C4630D477002BD01CB54FEA37070E
:10E7400003B44FF010004FF01001BAF1000F06D0E3
:10E75000BCF1000FDCBF40F0080040F008014FF0B2
:10E7600000000FBCBDE810400BF1010BBBF1010F25
:10E7700008BF5FEA170722BF12F1010211F1010180
:10E780004FF0004143F1000300F0004043EA000075
:10E790007047F9D35708D0E746EA064613F1400F11
:10E7A0004FEA16461FDD13F1200FDFBF16430A465E
:10E7B000002120335B42BED0C3F1200746EA064663
:10E7C00002FA07F74FEA164646EA0706C3F12007A2
:10E7D00022FA03F201FA07F721FA03F14FF00003DE
:10E7E00042EA0702A7E746EA020646EA06464FEA79
:10E7F000164646EA0106BCBF46EA0646360C4FF00E
:10E8000000034FF000024FF0000194E72DE9804C27
:10E810009A46934670B491E8380007C831EA400C34
:10E8200048BF34EA430C03D5FFF7E6FDFFF780FF4E
:10E83000F0BCBDE8008C2DE9804C9A46934670B43C
:10E8400091E8380007C810F0804F08BF13F0804FE0
:10E8500003D100F005F8FFF76BFFF0BCBDE8008CBA
:10E8600020F07F4780EA030023F07F4C07EB0C0386
:10E87000A3F57C5300F00040A3F1FE0392F0000FDB
:10E8800000F0B38095F0000F00F077802DE901498A
:10E890004FEA11404FEA144621EA004800FB06FC0B
:10E8A00024EA064708FB06F607FB08F800FB07F713
:10E8B00018EB06484CEB164C4FEA124B18EB074886
:10E8C0004FEA15464CEB174022EA0B4E0BFB06FCB9
:10E8D00025EA06470EFB06F607FB0EFE0BFB07F7C5
:10E8E0001EEB064E4CEB164C4FF000061EEB074E8F
:10E8F0004CEB174B18EB0B0840F1000018EB0E0B1C
:10E9000058EB000840F100008F1A4FF000013CBFA7
:10E91000C943661B14BFB5EB040C00213CBFC943BF
:10E92000F61B4FEA17444EEA8E0E27EA04454FEADB
:10E930001C4704FB07622CEA074C05FB07F70CFB9E
:10E9400005F604FB0CFC16EB074642EB174216EBF0
:10E950000C4642EB1C421BEB060658EB02024141FF
:10E9600046EA9E0601D5BDE80189B619524141EB40
:10E970000101A3F10103BDE801894FEA14454FEA03
:10E98000114724EA054621EA074C05FB07F406FB7C
:10E9900007F70CFB06F105FB0CFC11EB074144EB00
:10E9A00017444FEA124711EB0C4144EB1C4422EA96
:10E9B000074C05FB07F206FB07F70CFB06F605FB09
:10E9C0000CFC16EB074642EB174216EB0C4642EBEB
:10E9D0001C456A1854F1000148BF7047B6195241EE
:10E9E00041EB0101A3F10103704795F0000F37D00F
:10E9F0004FEA11424FEA144721EA024624EA074C43
:10EA000002FB07F106FB07F70CFB06F402FB0CFC0C
:10EA100014EB074441EB17414FEA154714EB0C4444
:10EA200041EB1C4125EA074C02FB07F506FB07F703
:10EA30000CFB06F602FB0CFC16EB074645EB1745F4
:10EA400016EB0C4645EB1C42121951F1000148BF70
:10EA50007047B619524141EB0101A3F10103704720
:10EA60004FEA14454FEA114724EA054621EA074CCC
:10EA700005FB07F106FB07F70CFB06F24FF000065B
:10EA800005FB0CFC12EB074241EB174112EB0C4269
:10EA900051EB1C4148BF7047921841EB0101A3F1B3
:10EAA0000103704703B401984100009850EAC12067
:10EAB00018BF04204A0D18BF40F0010040F2FF7259
:10EAC000B2EB515F08BF40F00200012808BF0520EB
:10EAD00002B0704730380A2801D201207047002068
:10EAE00070470146D1E90220904201D101207047D0
:10EAF0000020FCE70146D1E90220801A4A68104054
:10EB0000904201D1012070470020FCE70146D1E985
:10EB10000220801A4A6810407047000010B5002992
:10EB20000AD00878002807D005487844FFF7B2FBE0
:10EB3000002801D0002010BD0248784410BD00001C
:10EB4000760700006E07000010B500290AD008788B
:10EB5000002807D005487844FFF79CFB002801D027
:10EB6000002010BD0248784410BD00006607000078
:10EB70005E07000081F00041704780F00040704760
:10EB800021F00041704720F00040704721F0004222
:10EB9000A2F16052B2F5801F01F0004328BFD2F10C
:10EBA0007F6C0BD95FEA001C43EAC20242EB507053
:10EBB00018BF704728BF20F001007047B2F5801FD2
:10EBC000BCBF184670474FEA410C1CF5001F02D22B
:10EBD000084600F0C3B970B500F0F6F800000089EF
:10EBE000FFF7F6BF4FF00040A0F58000704700002F
:10EBF0004FEA41034FEA5353A3F58063D3F11E0359
:10EC0000C8BFD3F1210C0CDD4FF0004242EAC12213
:10EC100042EA505232FA03FC8CEAE17CACEBE17040
:10EC20007047102BC4BF0020704703F5787CBCF1FF
:10EC3000FF3F04D06FF0004282EA2100704770B5B8
:10EC400000F0C2F84992248000207047F2E7B0FA41
:10EC500080F310FA03F10AD0C3F11D0303F58063BA
:10EC60004FEA41504FEA035202EBD12170474FF077
:10EC700000007047DFF848C170B51CEA111E1EBFC6
:10EC80001CEA13159EEA0C0F95EA0C0F00F06F803A
:10EC900081EA030423EA4C134EEAD47E21EA4C11A4
:10ECA00041F4801143F48013AE44A1FB024CA0FB5D
:10ECB0000365AEF17F7E361955EB0C05A1FB034CC5
:10ECC0004CF10003A0FB021C16EB0C06654153F14E
:10ECD0000003094218BF46F0010613F4007F0BD170
:10ECE0004FEA03314FEA0530340341EA155140EA57
:10ECF00016506FF003020AE04FEAC3214FEAC52025
:10ED0000F40241EA555140EA56506FF0020202EB1C
:10ED10002E4201EB025585EACE710AD05FEA440C1F
:10ED200018BF24F0004450F1000041F1000120EA36
:10ED3000D47040F2FE7C624500D270BDA84214BF80
:10ED40004FF080444FF04044002E08BF0024BEF135
:10ED5000806FA8BFA1F1C041BDE8704080F2828001
:10ED60004FF0000001F1C04101F0004170479EEA00
:10ED70000C0F0CEA131518BF95EA0C0F06D04FF0D4
:10ED8000000081EA030E0EF0004170BD00F01CF897
:10ED90008900013E00F007B800F009B84FEA430CC3
:10EDA0005FEA5C5C08D081EA030100F05BB84FEADF
:10EDB000410C5FEA5C5CF6D14FF0000001497047FE
:10EDC0000000FF070000F87F0EF1020E2EF0030E88
:10EDD0005EF8046B364205D4012A43EB030515F5B2
:10EDE000001F12D8012841EB010C1CF5001F0CD8A4
:10EDF0000ED14FEAD17C15F5001F0CEB4C0C0CF139
:10EE0000020C08BF4CEBD37C04E04FF0080C01E08F
:10EE10004FEAD37C0CEB4C0526FA05F606F0070604
:10EE2000B6F1040C06D20EEB860CBDE870404CF037
:10EE3000010C6047DFE80CF0090B02024FF00041C3
:10EE40004FF00000A1F5002170BD194610460128C1
:10EE500051EB010418BFD4F5001484BF002001F069
:10EE6000004170BD0808A0F500114FEA310170475C
:10EE700043004FEAD30C4FEA3C0C43401FBF40070E
:10EE80000CF1605113F0FE4F70471CF0006F03D17E
:10EE900000200CF0004170470CF0004343EA507032
:10EEA00010B540EACC0000F00EF800BF0000009260
:10EEB0004FEA0001FFF7D6BF4FF000414FF00000CE
:10EEC000A1F5002170470EF1020E2EF0030E5EF840
:10EED000044B244204D44FEA4102B2F17F4F11D8CF
:10EEE0004FEA4003B3F17F4F0CD80ED14FEAD07CEC
:10EEF000B2F17F4F0CEB4C0C0CF1020C08BF4CEB49
:10EF0000D17C04E04FF0080C01E04FEAD17C0CEB1F
:10EF10004C0324FA03F404F00704B4F1040C06D201
:10EF20000EEB840CBDE810404CF0010C6047DFE8AC
:10EF30000CF0070802024FF00040A0F5800010BD61
:10EF40000846420018BFD2F1807288BF00F000402E
:10EF500010BD4FF04070E1EE100A7047FF2141EA0A
:10EF6000D050C0057047FEF7B5BDFEF7E9BE697029
:10EF70006D695F706F7765725F7072617365006451
:10EF80006F5F636D645F646973706174636800646C
:10EF90006F5F737069636D645F64697370617463DC
:10EFA0006800776A715F6D616C6C6F635F74007786
:10EFB0006A715F6D616C6C6F635F7465737400651B
:10EFC0006C6F675F737461727400656C6F675F73F9
:10EFD000746F7000656C6F675F7365745F6F7574D5
:10EFE0007075745F656E61626C656400656C6F67F7
:10EFF0005F7365745F666D7400656C6F675F7365E2
:10F00000745F66696C74657200656C6F675F7365C9
:10F01000745F66696C7465725F6C766C00656C6FAA
:10F02000675F7365745F66696C7465725F7461674E
:10F030005F6C766C00656C6F675F6765745F6669AF
:10F040006C7465725F7461675F6C766C00656C6F81
:10F05000675F6F7574707574006765745F666D7453
:10F060005F656E61626C656400656C6F675F6669A1
:10F070006E645F6C766C00656C6F675F66696E646A
:10F080005F74616700656C6F675F7374726370793A
:10F0900000656C6F675F6370796C6E00656C6F679D
:10F0A0005F6D656D637079003031323334353637DA
:10F0B00038394142434445460000000000005454A2
:10F0C00052205245474745530030313233343536AC
:10F0D000373839414243444546303132333435368E
:10F0E0003738394142434445464030580030313288
:10F0F0003334353637383961626364656640307859
:10F1000000040000080000000000000002000100F0
:10F110000010000000000000000000003031323319
:10F12000343536373839616263646566787000302B
:10F130003132333435363738394142434445465805
:10F140005000000002400000000000A0000000008D
:10F1500005400000000000C8000000000C40000056
:10F160000000409C00000000194000000020BCBED0
:10F170000000000034400000BFC91B8E00000004E6
:10F18000B5400000504BCFD06607E2CF0100000031
:10F190006C4100003E8251AADFEEA734010000005E
:10F1A000D9420000DCB5A0E23A301F97FFFFFFFF15
:10F1B000B4450000FD25A0C8E9A3C14FFFFFFFFF34
:10F1C000FF3F00000000008000000000FF3F000043
:10F1D00000000080000000002A2A2A2A2A2A2A2A5F
:10F1E0002A627566665B305D5F6865616465723D65
:10F1F000307825782C627566665B335D5F636D647D
:10F200003D307825782C696E6465783D25642C6CDA
:10F21000656E3D25642A2A2A2A2A2A2A2A0D0A00EE
:10F220003C3C3C3C3C3C3C097370695F70726F74C1
:10F230006F636F6C5F7472616E736D6974093D3DCD
:10F24000092564092C096C797352657370436D64E8
:10F2500032324E756D093D3D09256409093C3C3C3F
:10F260003C3C3C0D0A000000412F0000442F0000F0
:10F27000452F0000492F0000562F0000572F000097
:10F28000CCF3000800000020481E0000C401000864
:10F2900080F50008481E0020B8EC0000200200089D
:10F2A0001C00000043000000F8FFFFFF0C000000FE
:10F2B0000E0000000F0000002E00000010010000F2
:10F2C00043000000F8FFFFFF004040404040404046
:10F2D0004040414141414140404040404040404029
:10F2E00040404040404040404005020202020202CD
:10F2F000020202020202020202202020202020201C
:10F30000202020020202020202029090909090902F
:10F3100010101010101010101010101010101010ED
:10F320001010101002020202020288888888888861
:10F33000080808080808080808080808080808084D
:10F340000808080802020202400000000000000055
:10F3500000000000000000000000000000000000AD
:10F36000000000000000000000000000000000009D
:10F37000000000000000000000000000000000008D
:10F38000000000000000000000000000000000007D
:10F39000000000000000000000000000000000006D
:10F3A000000000000000000000000000000000005D
:10F3B000000000000000000000000000000000004D
:10F3C000000000000000000000000000412D0102CC
:10F3D00003040485060708097201720272037205AC
:10F3E0007206021B0C133D3942085A5D085A7D080B
:10F3F0002A93082C0402400412402280590C111A4E
:10F400000418125402FF4001FF01FF01FF011C120A
:10F41000012263125802FF4001FF01FF01FF011C9E
:10F4200012012264125C02FF4001FF01FF01FF0193
:10F430001C22011290125C02FF4001FF01FF01FF3C
:10F44000011C2201129C125C02FF4001FF01FF011E
:10F45000FF011C22010210AE13A14642085AC30844
:10F460005AD9085AEF084B0747085A1F082A370885
:10F4700022A013D00842204BF00C08013D7C7A03F7
:10F480000AA4800802030406070809130D54330870
:10F49000141A2D0832151329583308161A55082A3C
:10F4A000171012593308181A6908321913935D2A74
:10F4B000089113C75E33082D4BA769B80B1CF01FCA
:10F4C000A823F4011327281204051B606162630955
:10F4D0002248132526120708083A303132333436D1
:10F4E00037481B2223BC1F2122232425269B0938B1
:10F4F000481320211218E818090A0B0C0D0E0F10E2
:10F500001112131415161718191A1B1C1D1E1F3D56
:10F510002330F83418FC0F121914B80B2814881370
:10F52000321470174614401F501428235A14102701
:10F530005F042604296104FF30014001FF01FF013F
:10F54000FF01FF01FF0142321113C78A3308121372
:10F55000B397330813132B983308221341993308B8
:10F560002313739B3308251AE908011C1368F21B47
:10F570000870041A7C041A74041A6C041A78048142
:040000050800018965
:00000001FF
